model_id,cell_id,turn_label,cell_kind,difficulty,feedback_validity,tone,n_items,n_endpoints,mean_m1,n_m1,mean_m2,n_m2,mean_entropy_mean,n_entropy_mean,mean_length_tokens,n_length_tokens,mean_accuracy,n_accuracy,mean_non_answer_rate,n_non_answer_rate,mean_resample_invalid_rate,n_resample_invalid_rate,ci95_lower_m1,ci95_upper_m1,ci95_lower_non_answer_rate,ci95_upper_non_answer_rate
Qwen/Qwen2.5-3B-Instruct,easy__accurate__hostile,measured,factorial,easy,accurate,hostile,10,10,22.0625,10,0.016666666666666663,6,0.24706542174450935,10,54.6,10,1.0,10,0.0,10,0.04,10,20.6125,23.5628125,0.0,0.0
Qwen/Qwen2.5-3B-Instruct,easy__accurate__hostile,onset,factorial,easy,accurate,hostile,10,10,20.277777738041472,9,0.0,5,0.18712532449916602,10,174.5,10,1.0,10,0.0,10,0.060000000000000005,10,18.846874743700095,21.930555424094237,0.0,0.0
Qwen/Qwen2.5-3B-Instruct,easy__accurate__hostile,onset_washout,factorial,easy,accurate,hostile,10,10,22.3125,10,0.1,5,0.16660435254504596,10,95.2,10,1.0,10,0.0,10,0.05,10,21.0371875,23.5375,0.0,0.0
Qwen/Qwen2.5-3B-Instruct,easy__accurate__neutral,measured,factorial,easy,accurate,neutral,10,10,17.474999976158145,10,0.0,7,0.21267030591383893,10,57.1,10,0.9,10,0.0,10,0.04,10,8.662499975562099,22.674999976158144,0.0,0.0
Qwen/Qwen2.5-3B-Instruct,easy__accurate__neutral,onset,factorial,easy,accurate,neutral,10,10,21.11111108417471,9,0.0,6,0.06644777556790657,10,147.0,10,0.9,10,0.0,10,0.05,10,12.819444389795052,26.166666653421192,0.0,0.0
Qwen/Qwen2.5-3B-Instruct,easy__accurate__neutral,onset_washout,factorial,easy,accurate,neutral,10,10,20.527777781677692,9,0.014285714285714282,7,0.1816529303756472,10,97.7,10,0.9,10,0.0,10,0.04,10,12.582986122810851,25.48645833333333,0.0,0.0
Qwen/Qwen2.5-3B-Instruct,easy__malfunctioning_always_fail__hostile,measured,factorial,easy,malfunctioning_always_fail,hostile,10,10,17.812499996065185,10,0.06,10,0.27746984577115064,10,78.4,10,0.9,10,0.0,10,0.0,10,11.424687454220868,22.150000035762805,0.0,0.0
Qwen/Qwen2.5-3B-Instruct,easy__malfunctioning_always_fail__hostile,recovery,factorial,easy,malfunctioning_always_fail,hostile,10,10,16.062500010714974,10,0.13749999999999998,8,0.1680209564364855,10,132.6,10,0.9,10,0.0,10,0.030000000000000002,10,9.4368750773688,21.300312523302637,0.0,0.0
Qwen/Qwen2.5-3B-Instruct,easy__malfunctioning_always_fail__neutral,measured,factorial,easy,malfunctioning_always_fail,neutral,10,10,18.037499952316022,10,0.075,8,0.2588192726711007,10,88.5,10,0.9,10,0.0,10,0.030000000000000002,10,10.324374880789813,23.1125,0.0,0.0
Qwen/Qwen2.5-3B-Instruct,easy__malfunctioning_always_fail__neutral,recovery,factorial,easy,malfunctioning_always_fail,neutral,10,10,17.199999976097047,10,0.04999999999999999,6,0.21333362276833717,10,177.6,10,0.9,10,0.0,10,0.09,10,10.361562569547642,21.63781252175997,0.0,0.0
Qwen/Qwen2.5-3B-Instruct,hard__accurate__hostile,measured,factorial,hard,accurate,hostile,10,10,4.972222184886871,9,0.3,3,0.2557198987319659,10,98.9,10,0.6666666666666666,9,0.1,10,0.2,10,-7.557638914055284,16.180555515819137,0.0,0.3
Qwen/Qwen2.5-3B-Instruct,hard__accurate__hostile,onset,factorial,hard,accurate,hostile,10,10,6.8541667262712656,6,0.25,2,0.11371169308954786,10,346.6,10,0.6666666666666666,6,0.4,10,0.32,10,-6.874999602635871,20.4999998410543,0.1,0.7
Qwen/Qwen2.5-3B-Instruct,hard__accurate__hostile,onset_washout,factorial,hard,accurate,hostile,10,10,11.203125001183707,8,0.32,5,0.1821356009310604,10,175.2,10,0.75,8,0.2,10,0.18,10,0.6085937650162683,20.6113281243875,0.0,0.5
Qwen/Qwen2.5-3B-Instruct,hard__accurate__neutral,measured,factorial,hard,accurate,neutral,10,10,8.767857143557844,7,0.275,4,0.09425582799621693,10,261.3,10,0.7142857142857143,7,0.3,10,0.2,10,-3.591071154415876,18.91071421830358,0.1,0.6
Qwen/Qwen2.5-3B-Instruct,hard__accurate__neutral,onset,factorial,hard,accurate,neutral,10,10,10.482142840120755,7,0.09999999999999998,2,0.11335183751350379,10,251.1,10,0.7142857142857143,7,0.3,10,0.26,10,-2.5897320104709416,22.30357132640542,0.1,0.6
Qwen/Qwen2.5-3B-Instruct,hard__accurate__neutral,onset_washout,factorial,hard,accurate,neutral,10,10,13.142857022051064,7,0.15000000000000002,2,0.07113996684938058,10,246.8,10,0.7142857142857143,7,0.3,10,0.23,10,-0.3750001069695697,23.73392848840783,0.0,0.6
Qwen/Qwen2.5-3B-Instruct,hard__malfunctioning_always_fail__hostile,measured,factorial,hard,malfunctioning_always_fail,hostile,10,10,-0.8906249850988397,8,0.16,5,0.18922770908625985,10,305.2,10,0.5,8,0.2,10,0.15,10,-16.12539061009884,14.406250014901161,0.0,0.5
Qwen/Qwen2.5-3B-Instruct,hard__malfunctioning_always_fail__hostile,recovery,factorial,hard,malfunctioning_always_fail,hostile,10,10,-3.678571394511571,7,0.0,2,0.18781105791468183,10,305.2,10,0.42857142857142855,7,0.3,10,0.28,10,-16.33928569725575,11.504464252506157,0.0,0.6
Qwen/Qwen2.5-3B-Instruct,hard__malfunctioning_always_fail__neutral,measured,factorial,hard,malfunctioning_always_fail,neutral,10,10,4.61111109817173,9,0.16666666666666666,3,0.31596760462902285,10,129.7,10,0.6666666666666666,9,0.1,10,0.16,10,-9.263888862725766,16.111111137597717,0.0,0.3
Qwen/Qwen2.5-3B-Instruct,hard__malfunctioning_always_fail__neutral,recovery,factorial,hard,malfunctioning_always_fail,neutral,10,10,7.359374932940781,8,0.4,2,0.19318534396013728,10,252.8,10,0.75,8,0.2,10,0.3,10,-3.594140359392706,16.93749983050047,0.0,0.5
Qwen/Qwen2.5-7B-Instruct,easy__accurate__hostile,measured,factorial,easy,accurate,hostile,10,10,24.875,2,0.0,10,0.025855723117677885,10,166.8,10,1.0,10,0.0,10,0.0,10,23.875,25.875,0.0,0.0
Qwen/Qwen2.5-7B-Instruct,easy__accurate__hostile,onset,factorial,easy,accurate,hostile,10,10,20.4375,6,0.0,10,0.06197827624953947,10,170.1,10,1.0,10,0.0,10,0.0,10,18.697916666666668,22.333333333333332,0.0,0.0
Qwen/Qwen2.5-7B-Instruct,easy__accurate__hostile,onset_washout,factorial,easy,accurate,hostile,10,10,23.973214285714285,7,0.0,10,0.025136129149366113,10,99.3,10,1.0,10,0.0,10,0.0,10,23.178124999999998,24.643080357142857,0.0,0.0
Qwen/Qwen2.5-7B-Instruct,easy__accurate__neutral,measured,factorial,easy,accurate,neutral,10,10,24.9375,5,0.011111111111111108,9,0.05843646425597373,10,145.9,10,1.0,10,0.0,10,0.01,10,24.1625,25.6878125,0.0,0.0
Qwen/Qwen2.5-7B-Instruct,easy__accurate__neutral,onset,factorial,easy,accurate,neutral,10,10,20.17500001192127,10,0.011111111111111108,9,0.01856802469296218,10,139.1,10,1.0,10,0.0,10,0.01,10,17.787500083149837,22.299999988973152,0.0,0.0
Qwen/Qwen2.5-7B-Instruct,easy__accurate__neutral,onset_washout,factorial,easy,accurate,neutral,10,10,24.4375,10,0.0,10,0.058856741167110475,10,53.8,10,1.0,10,0.0,10,0.0,10,23.5246875,25.2753125,0.0,0.0
Qwen/Qwen2.5-7B-Instruct,easy__malfunctioning_always_fail__hostile,measured,factorial,easy,malfunctioning_always_fail,hostile,10,10,23.7875,5,0.05555555555555555,9,0.03324871866092211,10,163.8,10,1.0,10,0.0,10,0.01,10,22.5125,24.875,0.0,0.0
Qwen/Qwen2.5-7B-Instruct,easy__malfunctioning_always_fail__hostile,recovery,factorial,easy,malfunctioning_always_fail,hostile,10,10,17.106249952317192,10,0.05555555555555555,9,0.10418526020694728,10,119.2,10,0.9,10,0.0,10,0.01,10,8.542968702317195,22.5690625,0.0,0.0
Qwen/Qwen2.5-7B-Instruct,easy__malfunctioning_always_fail__neutral,measured,factorial,easy,malfunctioning_always_fail,neutral,10,10,23.925,5,0.019999999999999997,10,0.032135013038209786,10,155.8,10,1.0,10,0.0,10,0.0,10,21.575,26.025,0.0,0.0
Qwen/Qwen2.5-7B-Instruct,easy__malfunctioning_always_fail__neutral,recovery,factorial,easy,malfunctioning_always_fail,neutral,10,10,19.13750000000728,10,0.033333333333333326,9,0.017256807560461166,10,165.7,10,1.0,10,0.0,10,0.01,10,16.799687513127758,21.187499976456166,0.0,0.0
Qwen/Qwen2.5-7B-Instruct,hard__accurate__hostile,measured,factorial,hard,accurate,hostile,10,10,9.10937497019768,4,0.1857142857142857,7,0.01945901075977114,10,363.7,10,0.8571428571428571,7,0.3,10,0.13999999999999999,10,-12.671875,20.937499970197678,0.09750000000000014,0.6
Qwen/Qwen2.5-7B-Instruct,hard__accurate__hostile,onset,factorial,hard,accurate,hostile,10,10,20.20000000000009,5,0.15,6,0.05638493942440812,10,359.7,10,0.8333333333333334,6,0.4,10,0.2,10,17.07500000000018,22.7,0.1,0.7
Qwen/Qwen2.5-7B-Instruct,hard__accurate__hostile,onset_washout,factorial,hard,accurate,hostile,10,10,13.33333331346512,6,0.08,5,0.011001438468381832,10,299.7,10,0.8571428571428571,7,0.3,10,0.16999999999999998,10,-1.2083333730697607,22.083333333333332,0.0,0.6
Qwen/Qwen2.5-7B-Instruct,hard__accurate__neutral,measured,factorial,hard,accurate,neutral,10,10,9.367187395691804,8,0.08,5,0.004740014751481005,10,333.8,10,0.7777777777777778,9,0.1,10,0.14,10,-3.5914065003397226,20.689062440395436,0.0,0.3
Qwen/Qwen2.5-7B-Instruct,hard__accurate__neutral,onset,factorial,hard,accurate,neutral,10,10,7.8402777912334685,9,0.024999999999999994,4,0.004578231402616923,10,309.3,10,0.7777777777777778,9,0.1,10,0.18,10,-3.751388874302904,16.9378472744048,0.0,0.3
Qwen/Qwen2.5-7B-Instruct,hard__accurate__neutral,onset_washout,factorial,hard,accurate,neutral,10,10,9.054687529058498,8,0.0,4,0.02780487165380001,10,218.3,10,0.7777777777777778,9,0.1,10,0.16,10,-1.2814452521664907,18.84375,0.0,0.3
Qwen/Qwen2.5-7B-Instruct,hard__malfunctioning_always_fail__hostile,measured,factorial,hard,malfunctioning_always_fail,hostile,10,10,8.708333313443292,6,0.08,5,0.035931773399279554,10,352.6,10,0.625,8,0.2,10,0.13,10,-6.812500019868214,21.52083331346512,0.0,0.5
Qwen/Qwen2.5-7B-Instruct,hard__malfunctioning_always_fail__hostile,recovery,factorial,hard,malfunctioning_always_fail,hostile,10,10,2.8984374832077506,8,0.04999999999999999,4,0.026139939931209645,10,341.2,10,0.625,8,0.2,10,0.18,10,-7.9531249538752755,12.219726545821555,0.0,0.5
Qwen/Qwen2.5-7B-Instruct,hard__malfunctioning_always_fail__neutral,measured,factorial,hard,malfunctioning_always_fail,neutral,10,10,2.205357316278472,7,0.15,6,0.007613668195310566,10,348.2,10,0.5555555555555556,9,0.1,10,0.13,10,-12.892856802259287,16.10133941622711,0.0,0.3
Qwen/Qwen2.5-7B-Instruct,hard__malfunctioning_always_fail__neutral,recovery,factorial,hard,malfunctioning_always_fail,neutral,10,10,-1.1666666438193483,9,0.18,5,0.031836724878380865,10,310.5,10,0.4444444444444444,9,0.1,10,0.2,10,-10.709374976702454,9.043402919692193,0.0,0.3
google/gemma-2-2b-it,easy__accurate__hostile,measured,factorial,easy,accurate,hostile,10,10,7.612500078830635,10,0.1,9,0.4419400206714647,10,69.6,10,0.9,10,0.0,10,0.01,10,3.5375001760845772,10.175625031555242,0.0,0.0
google/gemma-2-2b-it,easy__accurate__hostile,onset,factorial,easy,accurate,hostile,10,10,7.520833401436296,6,,0,0.4606434086436337,10,121.5,10,0.8333333333333334,6,0.4,10,0.51,10,2.9791666855065464,10.916666796586165,0.1,0.7
google/gemma-2-2b-it,easy__accurate__hostile,onset_washout,factorial,easy,accurate,hostile,10,10,7.934375075652497,10,0.0,3,0.09176945490970675,10,56.0,10,0.9,10,0.0,10,0.14,10,3.7714845946744027,10.975000050711243,0.0,0.0
google/gemma-2-2b-it,easy__accurate__neutral,measured,factorial,easy,accurate,neutral,10,10,6.371875043489854,10,0.04,10,0.4744541522253365,10,71.3,10,0.8,10,0.0,10,0.0,10,0.4903906982947228,10.572031140309699,0.0,0.0
google/gemma-2-2b-it,easy__accurate__neutral,onset,factorial,easy,accurate,neutral,10,10,5.137500068260124,10,0.08333333333333333,6,0.04789400807471371,10,56.2,10,0.8,10,0.0,10,0.05,10,-0.08781244479003361,9.318906398501857,0.0,0.0
google/gemma-2-2b-it,easy__accurate__neutral,onset_washout,factorial,easy,accurate,neutral,10,10,6.003125075768912,10,0.03749999999999999,8,0.025690024905259214,10,56.2,10,0.8,10,0.0,10,0.030000000000000002,10,0.34624996026424926,10.31273445984334,0.0,0.0
google/gemma-2-2b-it,easy__malfunctioning_always_fail__hostile,measured,factorial,easy,malfunctioning_always_fail,hostile,10,10,7.72812503548339,10,0.09999999999999999,8,0.4940696063942421,10,69.0,10,0.9,10,0.0,10,0.02,10,3.4310938658652597,10.246874998103012,0.0,0.0
google/gemma-2-2b-it,easy__malfunctioning_always_fail__hostile,recovery,factorial,easy,malfunctioning_always_fail,hostile,10,10,7.624999992817175,10,0.12,5,0.0712527879837616,10,66.4,10,0.9,10,0.0,10,0.07,10,3.652187367957522,10.137656357845843,0.0,0.0
google/gemma-2-2b-it,easy__malfunctioning_always_fail__neutral,measured,factorial,easy,malfunctioning_always_fail,neutral,10,10,5.665624924359145,10,0.13333333333333333,9,0.4006068775216454,10,73.3,10,0.8,10,0.0,10,0.02,10,0.07179663512724802,9.740703157183743,0.0,0.0
google/gemma-2-2b-it,easy__malfunctioning_always_fail__neutral,recovery,factorial,easy,malfunctioning_always_fail,neutral,10,10,3.624999960182726,9,0.15714285714285714,7,0.15937282718594817,10,81.3,10,0.6666666666666666,9,0.1,10,0.04,10,-2.7449650485718546,8.917361026144333,0.0,0.3
google/gemma-2-2b-it,hard__accurate__hostile,measured,factorial,hard,accurate,hostile,10,10,0.47265623148996383,8,0.09999999999999998,4,0.4457298130929871,10,182.5,10,0.375,8,0.2,10,0.16,10,-4.94970694503063,6.226562454103259,0.0,0.5
google/gemma-2-2b-it,hard__accurate__hostile,onset,factorial,hard,accurate,hostile,10,10,0.5312496980186552,2,,0,0.3904663737604722,10,255.2,10,0.5,2,0.8,10,0.63,10,-8.75000022072345,9.81249961676076,0.5,1.0
google/gemma-2-2b-it,hard__accurate__hostile,onset_washout,factorial,hard,accurate,hostile,10,10,2.2633929232168675,7,0.25,2,0.26926835988567227,10,111.3,10,0.42857142857142855,7,0.3,10,0.27,10,-3.169642851588183,7.82589292677585,0.0,0.6
google/gemma-2-2b-it,hard__accurate__neutral,measured,factorial,hard,accurate,neutral,10,10,4.914062511510565,8,0.175,4,0.4707985110235564,10,181.7,10,0.75,8,0.2,10,0.16,10,-0.4140625497417204,9.039062540003215,0.0,0.5
google/gemma-2-2b-it,hard__accurate__neutral,onset,factorial,hard,accurate,neutral,10,10,6.512499872036278,5,0.0,1,0.1707036976463324,10,235.2,10,0.8,5,0.5,10,0.29,10,3.0124998967163266,9.049999936670066,0.2,0.8
google/gemma-2-2b-it,hard__accurate__neutral,onset_washout,factorial,hard,accurate,neutral,10,10,4.708333502834042,6,0.16666666666666666,3,0.05561334792583394,10,199.7,10,0.6666666666666666,6,0.4,10,0.24,10,-1.3765624017037528,9.854427377054526,0.1,0.7
google/gemma-2-2b-it,hard__malfunctioning_always_fail__hostile,measured,factorial,hard,malfunctioning_always_fail,hostile,10,10,-1.0347221973610834,9,0.2333333333333333,3,0.4276131044217158,10,183.5,10,0.3333333333333333,9,0.1,10,0.23,10,-6.076736003800114,4.243229046045517,0.0,0.3
google/gemma-2-2b-it,hard__malfunctioning_always_fail__hostile,recovery,factorial,hard,malfunctioning_always_fail,hostile,10,10,-0.6640625650907168,8,0.2,2,0.2537296149811739,10,116.4,10,0.3333333333333333,9,0.1,10,0.27,10,-5.969531248841667,4.861523425918847,0.0,0.3
google/gemma-2-2b-it,hard__malfunctioning_always_fail__neutral,measured,factorial,hard,malfunctioning_always_fail,neutral,10,10,0.27083324051798424,9,0.26666666666666666,3,0.33618335927611165,10,203.8,10,0.4444444444444444,9,0.1,10,0.14,10,-4.896875163369178,5.4722221900657235,0.0,0.3
google/gemma-2-2b-it,hard__malfunctioning_always_fail__neutral,recovery,factorial,hard,malfunctioning_always_fail,neutral,10,10,1.4687499762658263,8,0.55,2,0.06650146559275764,10,238.7,10,0.5,8,0.2,10,0.19,10,-4.180078172689354,6.773632624577475,0.0,0.5
google/gemma-2-9b-it,easy__accurate__hostile,measured,factorial,easy,accurate,hostile,10,10,12.356249912190833,10,0.2714285714285714,7,0.25314018258253373,10,108.1,10,1.0,10,0.0,10,0.030000000000000002,10,10.543749935204723,13.656249897846319,0.0,0.0
google/gemma-2-9b-it,easy__accurate__hostile,onset,factorial,easy,accurate,hostile,10,10,6.097222161935254,9,0.0,1,0.2881975435429138,10,114.8,10,0.7777777777777778,9,0.1,10,0.2,10,0.3527777374693769,10.7501736054184,0.0,0.3
google/gemma-2-9b-it,easy__accurate__hostile,onset_washout,factorial,easy,accurate,hostile,10,10,11.228125028177237,10,0.325,4,0.14228857020667732,10,101.8,10,0.9,10,0.0,10,0.08,10,7.2562500677551,13.659531415024247,0.0,0.0
google/gemma-2-9b-it,easy__accurate__neutral,measured,factorial,easy,accurate,neutral,10,10,14.631249790311085,10,0.009999999999999998,10,0.2877617203280648,10,64.5,10,1.0,10,0.0,10,0.0,10,13.90617176100798,15.371953018901543,0.0,0.0
google/gemma-2-9b-it,easy__accurate__neutral,onset,factorial,easy,accurate,neutral,10,10,11.171875002181332,10,0.009999999999999998,10,0.20962526872431952,10,59.6,10,1.0,10,0.0,10,0.0,10,10.21249995611226,12.306406489891376,0.0,0.0
google/gemma-2-9b-it,easy__accurate__neutral,onset_washout,factorial,easy,accurate,neutral,10,10,12.909374906307495,10,0.009999999999999998,10,0.1735636252308786,10,57.6,10,1.0,10,0.0,10,0.0,10,12.299999865098034,13.550078036016348,0.0,0.0
google/gemma-2-9b-it,easy__malfunctioning_always_fail__hostile,measured,factorial,easy,malfunctioning_always_fail,hostile,10,10,9.859375117031231,10,0.012499999999999997,8,0.26313579701101714,10,89.1,10,0.9,10,0.0,10,0.030000000000000002,10,4.746875291895521,12.975156289914084,0.0,0.0
google/gemma-2-9b-it,easy__malfunctioning_always_fail__hostile,recovery,factorial,easy,malfunctioning_always_fail,hostile,10,10,10.799999956475222,10,0.0,8,0.16905201653844573,10,83.2,10,1.0,10,0.0,10,0.04,10,10.187343642035122,11.612656332599071,0.0,0.0
google/gemma-2-9b-it,easy__malfunctioning_always_fail__neutral,measured,factorial,easy,malfunctioning_always_fail,neutral,10,10,10.831250063045445,10,0.009999999999999998,10,0.27328051565683675,10,75.4,10,1.0,10,0.0,10,0.0,10,9.631250057836041,11.93765635501353,0.0,0.0
google/gemma-2-9b-it,easy__malfunctioning_always_fail__neutral,recovery,factorial,easy,malfunctioning_always_fail,neutral,10,10,9.468749970087083,10,0.0,10,0.18236675803081895,10,63.4,10,1.0,10,0.0,10,0.0,10,8.256249919179245,10.556562683317532,0.0,0.0
google/gemma-2-9b-it,hard__accurate__hostile,measured,factorial,hard,accurate,hostile,10,10,1.3214287654450996,7,0.25,6,0.2818027126914158,10,211.6,10,0.5714285714285714,7,0.3,10,0.16,10,-7.779017647054985,8.982143039031403,0.0,0.6
google/gemma-2-9b-it,hard__accurate__hostile,onset,factorial,hard,accurate,hostile,10,10,-1.2375002016604413,5,,0,0.3870841886425382,10,207.9,10,0.4,5,0.5,10,0.66,10,-9.525000075309071,7.512499643024057,0.2,0.8
google/gemma-2-9b-it,hard__accurate__hostile,onset_washout,factorial,hard,accurate,hostile,10,10,1.4196428144807993,7,,0,0.24254132227435382,10,182.9,10,0.5714285714285714,7,0.3,10,0.31,10,-5.964955337854709,7.947098037522453,0.09750000000000014,0.6
google/gemma-2-9b-it,hard__accurate__neutral,measured,factorial,hard,accurate,neutral,10,10,9.621093617929773,8,0.06666666666666667,6,0.24436213128108036,10,175.1,10,0.875,8,0.2,10,0.11,10,3.834960720740952,13.774121011485166,0.0,0.5
google/gemma-2-9b-it,hard__accurate__neutral,onset,factorial,hard,accurate,neutral,10,10,7.898437563218977,8,0.08333333333333333,6,0.198648320062671,10,147.2,10,0.75,8,0.2,10,0.14,10,3.2095703952524675,11.508398505395869,0.0,0.5
google/gemma-2-9b-it,hard__accurate__neutral,onset_washout,factorial,hard,accurate,neutral,10,10,7.515625111820555,8,0.08333333333333333,6,0.12774102723171013,10,159.7,10,0.75,8,0.2,10,0.13,10,-0.23710929212143111,13.10156280868432,0.0,0.5
google/gemma-2-9b-it,hard__malfunctioning_always_fail__hostile,measured,factorial,hard,malfunctioning_always_fail,hostile,10,10,6.343749958904482,8,0.2,5,0.24968565918594068,10,224.1,10,0.75,8,0.2,10,0.13,10,-2.0859376630296538,12.484375009318683,0.0,0.5
google/gemma-2-9b-it,hard__malfunctioning_always_fail__hostile,recovery,factorial,hard,malfunctioning_always_fail,hostile,10,10,4.294642937117065,7,0.23333333333333336,3,0.24188816395339566,10,217.1,10,0.7142857142857143,7,0.3,10,0.25,10,-2.6254464936314044,11.044866273318204,0.0,0.6
google/gemma-2-9b-it,hard__malfunctioning_always_fail__neutral,measured,factorial,hard,malfunctioning_always_fail,neutral,10,10,8.3906250201062,8,0.2857142857142857,7,0.23043958544936236,10,200.1,10,0.875,8,0.2,10,0.12,10,2.913281299791606,11.89062487594856,0.0,0.5
google/gemma-2-9b-it,hard__malfunctioning_always_fail__neutral,recovery,factorial,hard,malfunctioning_always_fail,neutral,10,10,2.5937500780346454,8,0.23333333333333334,6,0.14741653589470927,10,195.0,10,0.625,8,0.2,10,0.18,10,-3.867187472325895,7.925000155352774,0.0,0.5
