phase,run_id,run_kind,model_id,immutable_revision,task_id,split,difficulty,domain,cell_id,cell_kind,feedback_validity,tone,turn_label,response_id,m1,m1_missing_reason,m2,m2_missing_reason,m3_rate,m3_missing_reason,m3_event_count,m3_loop_flag,entropy_mean,entropy_worst_decile,tail_mass_mean,entropy_missing_reason,rep4,length_tokens,length_drift,length_drift_missing_reason,hedge_per100,selfcorr_per100,greedy_answer_valid,greedy_answer_correct,greedy_answer_letter,resample_count,resample_valid_count,history_false_negative,feedback_rounds
phase_2,style-battery-gemma-2-9b-it-2026-08-17,empirical,google/gemma-2-9b-it,11c9b309abf73637e4b6f9a3fa1e92e615547819,DGS-001,holdout,easy,mathematics,style__cautious_hedging,non_factorial,,,measured,81f329db3ecd10fcb2d9aa57baf7b2dd5f8db5ecf1fca3f0d49d3eb1d3e03d94,13.187499524465238,,0.0,,0.0,,0,false,0.19233192509391248,1.0706644708496407,0.000562767842481012,,0.35714285714285715,48,,length_drift_neutral_endpoint_absent,0.0,0.0,true,true,C,10,10,,0
phase_2,style-battery-gemma-2-9b-it-2026-08-17,empirical,google/gemma-2-9b-it,11c9b309abf73637e4b6f9a3fa1e92e615547819,DGS-001,holdout,easy,mathematics,style__enthusiastic,non_factorial,,,measured,a5de71fddf6cbd4371247794f23d28950eca59accff077fed2776ea074760a40,12.124999774299795,,0.0,,0.0,,0,false,0.48053197892621896,1.8052498146440747,0.004816133664084084,,0.20930232558139536,85,,length_drift_neutral_endpoint_absent,0.0,0.0,true,true,C,10,10,,0
phase_2,style-battery-gemma-2-9b-it-2026-08-17,empirical,google/gemma-2-9b-it,11c9b309abf73637e4b6f9a3fa1e92e615547819,DGS-001,holdout,easy,mathematics,style__neutral_reference,non_factorial,,,measured,d2393b4652b879600bc7b6b7c735947487cbd8c2d249dc6d71b35df5470ed140,12.750000119969627,,0.0,,0.0,,0,false,0.15134830839630897,0.9091717961700996,1.6195275886934923e-05,,0.35714285714285715,48,,length_drift_neutral_endpoint_absent,0.0,0.0,true,true,C,10,10,,0
phase_2,style-battery-gemma-2-9b-it-2026-08-17,empirical,google/gemma-2-9b-it,11c9b309abf73637e4b6f9a3fa1e92e615547819,DGS-001,holdout,easy,mathematics,style__reluctantly_complying_refusal_styled,non_factorial,,,measured,6c0b60d6cc3c82bd9bc84c2cad4def06faf8a0a42119cce492f1b386454932f6,12.937500119933247,,0.0,,0.0,,0,false,0.4631834618914344,1.5410309658579693,0.0005111650794596198,,0.0,39,,length_drift_neutral_endpoint_absent,0.0,0.0,true,true,C,10,10,,0
phase_2,style-battery-gemma-2-9b-it-2026-08-17,empirical,google/gemma-2-9b-it,11c9b309abf73637e4b6f9a3fa1e92e615547819,DGS-001,holdout,easy,mathematics,style__verbose,non_factorial,,,measured,a48899ab3eab2e56d33c01b89e3bba536cbcdd5d209f720143d2276cb2e31974,14.562499642737748,,0.0,,0.0,,0,false,0.28166914875494914,1.3612529730967007,0.0002011721810744189,,0.19148936170212766,151,,length_drift_neutral_endpoint_absent,0.0,0.0,true,true,C,10,10,,0
phase_2,style-battery-gemma-2-9b-it-2026-08-17,empirical,google/gemma-2-9b-it,11c9b309abf73637e4b6f9a3fa1e92e615547819,DGS-002,holdout,easy,mathematics,style__cautious_hedging,non_factorial,,,measured,cf5e662a983c653a332e92e1a0c2e04067d10d70f53065f4056485c6e46dd344,12.25000012248347,,0.0,,0.0,,0,false,0.2530296054530145,1.0197279936284247,6.589872568517262e-05,,0.0,53,,length_drift_neutral_endpoint_absent,0.0,0.0,true,true,B,10,10,,0
phase_2,style-battery-gemma-2-9b-it-2026-08-17,empirical,google/gemma-2-9b-it,11c9b309abf73637e4b6f9a3fa1e92e615547819,DGS-002,holdout,easy,mathematics,style__enthusiastic,non_factorial,,,measured,1b70c9c7818e5367b1a1630b45f5bbc8a313c2da74c548e9fde1014570aba640,11.062500032159733,,0.0,,0.0,,0,false,0.5674107980932235,1.5774175579370453,0.002292550915014189,,0.0,60,,length_drift_neutral_endpoint_absent,0.0,0.0,true,true,B,10,10,,0
phase_2,style-battery-gemma-2-9b-it-2026-08-17,empirical,google/gemma-2-9b-it,11c9b309abf73637e4b6f9a3fa1e92e615547819,DGS-002,holdout,easy,mathematics,style__neutral_reference,non_factorial,,,measured,d553b83f624d5ac984772c3c2aed677a7684e9e5987dea7102d26fde1b36c70d,11.12500000745058,,0.0,,0.0,,0,false,0.2368917929624779,1.0275726945740737,3.0212219860958047e-05,,0.0,52,,length_drift_neutral_endpoint_absent,0.0,0.0,true,true,B,10,10,,0
phase_2,style-battery-gemma-2-9b-it-2026-08-17,empirical,google/gemma-2-9b-it,11c9b309abf73637e4b6f9a3fa1e92e615547819,DGS-002,holdout,easy,mathematics,style__reluctantly_complying_refusal_styled,non_factorial,,,measured,e1bb2a18f5bcad4851c5b99c0304b7ebb156c1329df5143927b3a4977c0d6ba5,12.125000122257916,,0.0,,0.0,,0,false,0.28179646180027745,1.1515616882046578,5.646683837072194e-05,,0.0,75,,length_drift_neutral_endpoint_absent,0.0,0.0,true,true,B,10,10,,0
phase_2,style-battery-gemma-2-9b-it-2026-08-17,empirical,google/gemma-2-9b-it,11c9b309abf73637e4b6f9a3fa1e92e615547819,DGS-002,holdout,easy,mathematics,style__verbose,non_factorial,,,measured,2a422037b891d5fe4451279c0ea7eb7f06088ccbc04658643db4f9757c6f4181,11.812500006220944,,0.0,,0.0,,0,false,0.2739481638439867,1.247226586875438,0.00016850925602623326,,0.0,152,,length_drift_neutral_endpoint_absent,0.0,0.0,true,true,B,10,10,,0
phase_2,style-battery-gemma-2-9b-it-2026-08-17,empirical,google/gemma-2-9b-it,11c9b309abf73637e4b6f9a3fa1e92e615547819,DGS-006,holdout,hard,mathematics,style__cautious_hedging,non_factorial,,,measured,ab97370434b6f401ceb98ee2bbd0c52a4d380bb2405ab7a74773889b4b423ea3,11.625000026630005,,0.09999999999999998,,0.0,,0,false,0.11858503135842481,0.8729746360610456,3.0526601530205424e-06,,0.014285714285714285,265,,length_drift_neutral_endpoint_absent,0.0,0.0,true,true,C,10,10,,0
phase_2,style-battery-gemma-2-9b-it-2026-08-17,empirical,google/gemma-2-9b-it,11c9b309abf73637e4b6f9a3fa1e92e615547819,DGS-006,holdout,hard,mathematics,style__enthusiastic,non_factorial,,,measured,45b10441921fd0a5dbb6d279d677e42f2a7851eceeffbc0eb8c5f884e6adbb4d,-12.937499990221113,,,m2_invalid_final_answer_all_ten_required,0.0,,0,false,0.23366592484805954,1.1687200734089978,0.00031476399307010203,,0.0,230,,length_drift_neutral_endpoint_absent,0.0,0.0,true,false,A,10,8,,0
phase_2,style-battery-gemma-2-9b-it-2026-08-17,empirical,google/gemma-2-9b-it,11c9b309abf73637e4b6f9a3fa1e92e615547819,DGS-006,holdout,hard,mathematics,style__neutral_reference,non_factorial,,,measured,760c8214060e939a103e4208a22c351f9450c7bd7972e9ca8e11e91b65df4358,12.625000119700417,,0.19999999999999996,,0.0,,0,false,0.12653726919566005,0.8697446099420398,3.6957200399960756e-06,,0.03076923076923077,250,,length_drift_neutral_endpoint_absent,0.0,0.0,true,true,C,10,10,,0
phase_2,style-battery-gemma-2-9b-it-2026-08-17,empirical,google/gemma-2-9b-it,11c9b309abf73637e4b6f9a3fa1e92e615547819,DGS-006,holdout,hard,mathematics,style__reluctantly_complying_refusal_styled,non_factorial,,,measured,114699f58b1002d4e62413cea898e612baadb05c109ef3151e57dbf66834ba76,12.249999889842002,,0.0,,0.0,,0,false,0.21588102490114083,1.0687809309951575,2.8882918473163043e-05,,0.016260162601626018,242,,length_drift_neutral_endpoint_absent,0.0,0.0,true,true,C,10,10,,0
phase_2,style-battery-gemma-2-9b-it-2026-08-17,empirical,google/gemma-2-9b-it,11c9b309abf73637e4b6f9a3fa1e92e615547819,DGS-006,holdout,hard,mathematics,style__verbose,non_factorial,,,measured,45829598f484e95d0f50bb1ef8547a303dbfb11b2cb9d072b58a24cbee56e5ea,12.75000011940756,,0.4,,0.0,,0,false,0.08719132391030526,0.6938301135742625,2.5522252983328488e-06,,0.04424778761061947,388,,length_drift_neutral_endpoint_absent,0.0,0.0,true,true,C,10,10,,0
phase_2,style-battery-gemma-2-9b-it-2026-08-17,empirical,google/gemma-2-9b-it,11c9b309abf73637e4b6f9a3fa1e92e615547819,DGS-008,holdout,hard,mathematics,style__cautious_hedging,non_factorial,,,measured,e1ff54502e8c4e410c3ecd09487537d0a32d8edeaf9ee986877a908909f05792,14.312499523613951,,,m2_invalid_final_answer_all_ten_required,0.0,,0,false,0.09791918242067744,0.7062468185654395,2.5041238618190046e-06,,0.005291005291005291,313,,length_drift_neutral_endpoint_absent,0.0,0.0,true,true,A,10,9,,0
phase_2,style-battery-gemma-2-9b-it-2026-08-17,empirical,google/gemma-2-9b-it,11c9b309abf73637e4b6f9a3fa1e92e615547819,DGS-008,holdout,hard,mathematics,style__enthusiastic,non_factorial,,,measured,d1d3d0cdb055d27c8cf8f168a90560cc2adfa921cf0dead978b50888a80b3539,12.812500128231477,,0.0,,0.0,,0,false,0.17497161116240942,1.071613892849361,0.00019074005221320813,,0.024390243902439025,272,,length_drift_neutral_endpoint_absent,0.0,0.0,true,true,A,10,10,,0
phase_2,style-battery-gemma-2-9b-it-2026-08-17,empirical,google/gemma-2-9b-it,11c9b309abf73637e4b6f9a3fa1e92e615547819,DGS-008,holdout,hard,mathematics,style__neutral_reference,non_factorial,,,measured,334caea03a01777c8576ccc6708db4479dafbc0675f279112a7ba2e6bc56bed2,12.624999524996383,,0.0,,0.0,,0,false,0.09387101238385089,0.6927838129670776,9.088083507235648e-07,,0.005714285714285714,315,,length_drift_neutral_endpoint_absent,0.0,0.0,true,true,A,10,10,,0
phase_2,style-battery-gemma-2-9b-it-2026-08-17,empirical,google/gemma-2-9b-it,11c9b309abf73637e4b6f9a3fa1e92e615547819,DGS-008,holdout,hard,mathematics,style__reluctantly_complying_refusal_styled,non_factorial,,,measured,0d0fb1be007e274664b5d8e8b200ff452f6e0ebed2a8719480bd4c0448042a12,13.250000003848982,,,m2_invalid_final_answer_all_ten_required,0.0,,0,false,0.17914760063119617,1.065897092036761,2.3785080314376843e-05,,0.04712041884816754,328,,length_drift_neutral_endpoint_absent,0.0,0.0,true,true,A,10,9,,0
phase_2,style-battery-gemma-2-9b-it-2026-08-17,empirical,google/gemma-2-9b-it,11c9b309abf73637e4b6f9a3fa1e92e615547819,DGS-008,holdout,hard,mathematics,style__verbose,non_factorial,,,measured,09cfe1d39dbfe8b6e7e94f25ba8d85bb733999c91ed2e74902f88eeccd5f393c,,m1_invalid_final_answer,,m2_invalid_final_answer_all_ten_required,0.0,,0,false,0.1542812356733192,0.9420716341939355,7.567257046486517e-06,,0.06567164179104477,512,,length_drift_neutral_endpoint_absent,0.0,0.0,false,,,10,9,,0
phase_2,style-battery-gemma-2-9b-it-2026-08-17,empirical,google/gemma-2-9b-it,11c9b309abf73637e4b6f9a3fa1e92e615547819,DGS-009,holdout,easy,logic,style__cautious_hedging,non_factorial,,,measured,ab1471845a72ba16b2f36c9877da123fa680edf9c4eb1809a6cf9eba00ec591b,13.624999881321855,,0.0,,0.0,,0,false,0.21410866825828462,0.9894504977197905,8.115661848253428e-06,,0.0,66,,length_drift_neutral_endpoint_absent,0.0,0.0,true,true,D,10,10,,0
phase_2,style-battery-gemma-2-9b-it-2026-08-17,empirical,google/gemma-2-9b-it,11c9b309abf73637e4b6f9a3fa1e92e615547819,DGS-009,holdout,easy,logic,style__enthusiastic,non_factorial,,,measured,0cd17cf021faa7443b43fb37c17c0cd2671ece6ab76d95db5f8478b7de4d82b6,12.937500248619472,,0.0,,0.0,,0,false,0.32330224159256826,1.184094410704605,0.0006469956295290791,,0.0,79,,length_drift_neutral_endpoint_absent,0.0,0.0,true,true,D,10,10,,0
phase_2,style-battery-gemma-2-9b-it-2026-08-17,empirical,google/gemma-2-9b-it,11c9b309abf73637e4b6f9a3fa1e92e615547819,DGS-009,holdout,easy,logic,style__neutral_reference,non_factorial,,,measured,232ff0d1afab11484b14dd4a320d03dc2484a02a9d17bc1bdfe0ad6a71e4dba8,14.062499642765033,,0.0,,0.0,,0,false,0.24086836625387575,1.0140127535208332,2.8076937464769018e-06,,0.0,78,,length_drift_neutral_endpoint_absent,0.0,0.0,true,true,D,10,10,,0
phase_2,style-battery-gemma-2-9b-it-2026-08-17,empirical,google/gemma-2-9b-it,11c9b309abf73637e4b6f9a3fa1e92e615547819,DGS-009,holdout,easy,logic,style__reluctantly_complying_refusal_styled,non_factorial,,,measured,d0c837725031db6263a6faf1d2b0d0b5bb8cbd157659e5c071d213c080b7334a,13.312499763072992,,0.0,,0.0,,0,false,0.3701357787548942,1.1502918645924702,0.00011012025324497585,,0.0,56,,length_drift_neutral_endpoint_absent,0.0,0.0,true,true,D,10,10,,0
phase_2,style-battery-gemma-2-9b-it-2026-08-17,empirical,google/gemma-2-9b-it,11c9b309abf73637e4b6f9a3fa1e92e615547819,DGS-009,holdout,easy,logic,style__verbose,non_factorial,,,measured,ef4c38f8055ff6353ff5c42aaf5b1d5a49b851bc413c732fcfd72885ac35f845,13.375000238769644,,0.0,,0.0,,0,false,0.2749607732489997,1.1161547403078733,2.136522409978552e-05,,0.016304347826086956,266,,length_drift_neutral_endpoint_absent,0.0,0.0,true,true,D,10,10,,0
phase_2,style-battery-gemma-2-9b-it-2026-08-17,empirical,google/gemma-2-9b-it,11c9b309abf73637e4b6f9a3fa1e92e615547819,DGS-011,holdout,easy,logic,style__cautious_hedging,non_factorial,,,measured,e2b54f8f1572a03e04bad4e5831cde948451c9ac231547c2520a24a9659ccf27,14.374999881321855,,0.0,,0.0,,0,false,0.14019988935359304,0.7907930953205466,4.5333965412766305e-06,,0.0,62,,length_drift_neutral_endpoint_absent,0.0,0.0,true,true,A,10,10,,0
phase_2,style-battery-gemma-2-9b-it-2026-08-17,empirical,google/gemma-2-9b-it,11c9b309abf73637e4b6f9a3fa1e92e615547819,DGS-011,holdout,easy,logic,style__enthusiastic,non_factorial,,,measured,e24dc77bd0301130e7da288eca008a1c11773ecfe9363307d178ccaa18033ce6,13.375000255313353,,0.0,,0.0,,0,false,0.3768797113390209,1.3109918089093777,0.0003979219479060742,,0.0,114,,length_drift_neutral_endpoint_absent,0.0,0.0,true,true,A,10,10,,0
phase_2,style-battery-gemma-2-9b-it-2026-08-17,empirical,google/gemma-2-9b-it,11c9b309abf73637e4b6f9a3fa1e92e615547819,DGS-011,holdout,easy,logic,style__neutral_reference,non_factorial,,,measured,d0aef069786a2e9a71599106082b1447ae009d0842f2833205026d5455786c8d,14.468750358340912,,0.0,,0.0,,0,false,0.1437379173414207,0.8055599167848193,3.58388825719147e-06,,0.0,60,,length_drift_neutral_endpoint_absent,0.0,0.0,true,true,A,10,10,,0
phase_2,style-battery-gemma-2-9b-it-2026-08-17,empirical,google/gemma-2-9b-it,11c9b309abf73637e4b6f9a3fa1e92e615547819,DGS-011,holdout,easy,logic,style__reluctantly_complying_refusal_styled,non_factorial,,,measured,9add02233c35d0ceac0f01f379bc5d62bd9139489a6c42dcb9de64f1316d31dc,13.93749952766666,,0.0,,0.0,,0,false,0.26497704421197515,1.1309225943922687,0.00010764913416473558,,0.0,67,,length_drift_neutral_endpoint_absent,0.0,0.0,true,true,A,10,10,,0
phase_2,style-battery-gemma-2-9b-it-2026-08-17,empirical,google/gemma-2-9b-it,11c9b309abf73637e4b6f9a3fa1e92e615547819,DGS-011,holdout,easy,logic,style__verbose,non_factorial,,,measured,3c68fe9107d47d3b4714a7bed1acfd173c3ac61ee132cae59cb66e8ff71d70ac,14.749999645027856,,0.0,,0.0,,0,false,0.21108748005554967,1.0777351962604242,1.2975355435946362e-05,,0.014634146341463415,270,,length_drift_neutral_endpoint_absent,0.0,0.0,true,true,A,10,10,,0
phase_2,style-battery-gemma-2-9b-it-2026-08-17,empirical,google/gemma-2-9b-it,11c9b309abf73637e4b6f9a3fa1e92e615547819,DGS-013,holdout,hard,logic,style__cautious_hedging,non_factorial,,,measured,2f9de321fa055f84cd2d4d51bb9f48f6d6d0e1ba6297a1a1154909609b80b9b6,13.56249964264316,,0.5,,0.0,,0,false,0.2335724419284227,1.131089979118563,4.841217698962571e-05,,0.042735042735042736,162,,length_drift_neutral_endpoint_absent,0.0,0.0,true,true,B,10,10,,0
phase_2,style-battery-gemma-2-9b-it-2026-08-17,empirical,google/gemma-2-9b-it,11c9b309abf73637e4b6f9a3fa1e92e615547819,DGS-013,holdout,hard,logic,style__enthusiastic,non_factorial,,,measured,a2b46e36f8903ba1dd8b512dc19937953aeb2f7aaee7f5709078cdb2218c13ff,8.437500405590981,,0.4,,0.0,,0,false,0.5311765100056701,1.7661176721499932,0.0020556533189064574,,0.046875,202,,length_drift_neutral_endpoint_absent,0.0,0.7633587786259542,true,true,B,10,10,,0
phase_2,style-battery-gemma-2-9b-it-2026-08-17,empirical,google/gemma-2-9b-it,11c9b309abf73637e4b6f9a3fa1e92e615547819,DGS-013,holdout,hard,logic,style__neutral_reference,non_factorial,,,measured,0f6059dc8a49e986080fc86ec8b9d615f59e1d29c906cc90c9efdd0a0d8b2e6e,-11.937500295316568,,0.5,,0.0,,0,false,0.25220245311132305,1.2665192235699028,0.00012964802086577577,,0.13333333333333333,193,,length_drift_neutral_endpoint_absent,0.0,0.0,true,false,C,10,10,,0
phase_2,style-battery-gemma-2-9b-it-2026-08-17,empirical,google/gemma-2-9b-it,11c9b309abf73637e4b6f9a3fa1e92e615547819,DGS-013,holdout,hard,logic,style__reluctantly_complying_refusal_styled,non_factorial,,,measured,6125dfc4686175837a5bc6b977a0d1b1b8e53455d58c50aaecc2444421d5f894,-15.56250000088039,,0.5,,0.0,,0,false,0.2784441432688563,1.3464617407676767,0.0003281559812237161,,0.10833333333333334,183,,length_drift_neutral_endpoint_absent,0.0,0.0,true,false,C,10,10,,0
phase_2,style-battery-gemma-2-9b-it-2026-08-17,empirical,google/gemma-2-9b-it,11c9b309abf73637e4b6f9a3fa1e92e615547819,DGS-013,holdout,hard,logic,style__verbose,non_factorial,,,measured,680f306731aa6444077036955654ad9443d508185dafb9ed0984849fe608b885,12.875000000920409,,0.4,,0.0,,0,false,0.20742482417371197,1.1577139599089799,2.8810377130846405e-05,,0.10774410774410774,450,,length_drift_neutral_endpoint_absent,0.0,0.0,true,true,B,10,10,,0
phase_2,style-battery-gemma-2-9b-it-2026-08-17,empirical,google/gemma-2-9b-it,11c9b309abf73637e4b6f9a3fa1e92e615547819,DGS-016,holdout,hard,logic,style__cautious_hedging,non_factorial,,,measured,22e80910d0e7846922cbb13c805ac484caa8029ef57ab8046b1cc51cfe3f61aa,-3.9999999403953552,,0.5,,0.0,,0,false,0.2713853411985207,1.243235778278583,5.203103449313756e-05,,0.0,117,,length_drift_neutral_endpoint_absent,0.0,0.0,true,false,A,10,10,,0
phase_2,style-battery-gemma-2-9b-it-2026-08-17,empirical,google/gemma-2-9b-it,11c9b309abf73637e4b6f9a3fa1e92e615547819,DGS-016,holdout,hard,logic,style__enthusiastic,non_factorial,,,measured,485a82ce56bfd0cd1c2d6607f2acceb4b35c7432d93e97dfcde6736ef32f4f7f,-13.562499764506356,,0.4,,0.0,,0,false,0.3203704847681258,1.4157045455663504,0.0004873170889688339,,0.0,165,,length_drift_neutral_endpoint_absent,0.0,0.0,true,false,A,10,10,,0
phase_2,style-battery-gemma-2-9b-it-2026-08-17,empirical,google/gemma-2-9b-it,11c9b309abf73637e4b6f9a3fa1e92e615547819,DGS-016,holdout,hard,logic,style__neutral_reference,non_factorial,,,measured,0262f9c68c2f232fa050370ac04dbcf2c340522c439dcde462a9838ab9666727,7.625000079162419,,0.4,,0.0,,0,false,0.3025710541658044,1.2036013257965483,0.00014958130943529987,,0.08620689655172414,108,,length_drift_neutral_endpoint_absent,0.0,0.0,true,true,D,10,10,,0
phase_2,style-battery-gemma-2-9b-it-2026-08-17,empirical,google/gemma-2-9b-it,11c9b309abf73637e4b6f9a3fa1e92e615547819,DGS-016,holdout,hard,logic,style__reluctantly_complying_refusal_styled,non_factorial,,,measured,2aeec57cbb3c6f78a31411c3ab8f604cacdae1b06abf00d0e8021c1644eb81b1,4.437499794177711,,0.5,,0.0,,0,false,0.5175113639792,1.4916311181757556,0.0006193649231744537,,0.0,86,,length_drift_neutral_endpoint_absent,0.0,0.0,true,true,D,10,10,,0
phase_2,style-battery-gemma-2-9b-it-2026-08-17,empirical,google/gemma-2-9b-it,11c9b309abf73637e4b6f9a3fa1e92e615547819,DGS-016,holdout,hard,logic,style__verbose,non_factorial,,,measured,448c1097ee26701c9cf0b6e213e209e370176728e46a7be08822f0321199b94d,2.9999999180436134,,0.5,,0.0,,0,false,0.23200472485197166,1.113563340399139,1.5077753719970575e-05,,0.0,195,,length_drift_neutral_endpoint_absent,0.0,0.0,true,true,D,10,10,,0
phase_2,style-battery-gemma-2-9b-it-2026-08-17,empirical,google/gemma-2-9b-it,11c9b309abf73637e4b6f9a3fa1e92e615547819,DGS-017,holdout,easy,science,style__cautious_hedging,non_factorial,,,measured,149c978e6c035d91b9a46e1d54522b4caa5a7c3f6de8711eee20d9e7ac590934,13.374999642910552,,0.0,,0.0,,0,false,0.3867057812491715,1.258112867340042,0.00018038811868962198,,0.0,41,,length_drift_neutral_endpoint_absent,0.0,0.0,true,true,A,10,10,,0
phase_2,style-battery-gemma-2-9b-it-2026-08-17,empirical,google/gemma-2-9b-it,11c9b309abf73637e4b6f9a3fa1e92e615547819,DGS-017,holdout,easy,science,style__enthusiastic,non_factorial,,,measured,1e2fe5bf4f9ce057480cbc8159281032de1551aa600430fa06193150408598fc,11.812499907886377,,0.0,,0.0,,0,false,0.6173497478020504,1.611468684498729,0.001213497035935055,,0.0,95,,length_drift_neutral_endpoint_absent,0.0,0.0,true,true,A,10,10,,0
phase_2,style-battery-gemma-2-9b-it-2026-08-17,empirical,google/gemma-2-9b-it,11c9b309abf73637e4b6f9a3fa1e92e615547819,DGS-017,holdout,easy,science,style__neutral_reference,non_factorial,,,measured,29404de14bbe1ef954450ea20aa39b5648efffd33af75ef8f36ac4adb934a00f,12.687500358839316,,0.0,,0.0,,0,false,0.2212613897529246,0.8707561585953225,4.299748427417971e-05,,0.0,31,,length_drift_neutral_endpoint_absent,0.0,0.0,true,true,A,10,10,,0
phase_2,style-battery-gemma-2-9b-it-2026-08-17,empirical,google/gemma-2-9b-it,11c9b309abf73637e4b6f9a3fa1e92e615547819,DGS-017,holdout,easy,science,style__reluctantly_complying_refusal_styled,non_factorial,,,measured,f50e3c5a33269636a26d285bfcdb7642d3b86124c644822967953d9689dc2ff0,13.37499952505459,,0.0,,0.0,,0,false,0.4228781176114337,1.373138382483342,0.0002847031778277914,,0.0,40,,length_drift_neutral_endpoint_absent,0.0,0.0,true,true,A,10,10,,0
phase_2,style-battery-gemma-2-9b-it-2026-08-17,empirical,google/gemma-2-9b-it,11c9b309abf73637e4b6f9a3fa1e92e615547819,DGS-017,holdout,easy,science,style__verbose,non_factorial,,,measured,2c097cb108248c2eb6e275f0b6d5d06edb5617c8514ce93f5ca46b88f33c87b9,13.500000000356522,,0.0,,0.0,,0,false,0.255076754378227,1.1254881976793278,5.821778452431717e-05,,0.0,316,,length_drift_neutral_endpoint_absent,0.0,0.0,true,true,A,10,10,,0
phase_2,style-battery-gemma-2-9b-it-2026-08-17,empirical,google/gemma-2-9b-it,11c9b309abf73637e4b6f9a3fa1e92e615547819,DGS-019,holdout,easy,science,style__cautious_hedging,non_factorial,,,measured,f4a2e27672a7f3adeb894e0e8ff4d92939b7a07e22b7f8c1dbbf83cc23d7f166,11.687499765044777,,0.0,,0.0,,0,false,0.1879121071890524,1.0458975539581443,2.3876365348650018e-05,,0.0,88,,length_drift_neutral_endpoint_absent,0.0,0.0,true,true,B,10,10,,0
phase_2,style-battery-gemma-2-9b-it-2026-08-17,empirical,google/gemma-2-9b-it,11c9b309abf73637e4b6f9a3fa1e92e615547819,DGS-019,holdout,easy,science,style__enthusiastic,non_factorial,,,measured,d1c5c01b3b89f89ea7c579342b7fe12cc56007e673dc2182bceb95cda3f2730c,11.312499889725586,,0.0,,0.0,,0,false,0.3433194233580042,1.673345562125875,0.001401221208999873,,0.01694915254237288,110,,length_drift_neutral_endpoint_absent,0.0,0.0,true,true,B,10,10,,0
phase_2,style-battery-gemma-2-9b-it-2026-08-17,empirical,google/gemma-2-9b-it,11c9b309abf73637e4b6f9a3fa1e92e615547819,DGS-019,holdout,easy,science,style__neutral_reference,non_factorial,,,measured,801ea3a29acf60f3632767caaea65edd07cc608077d7d76073170e3ff63d2a32,10.874999762920197,,0.0,,0.0,,0,false,0.17664138208399643,1.047098652342265,9.223104145281693e-06,,0.015873015873015872,109,,length_drift_neutral_endpoint_absent,0.0,0.0,true,true,B,10,10,,0
phase_2,style-battery-gemma-2-9b-it-2026-08-17,empirical,google/gemma-2-9b-it,11c9b309abf73637e4b6f9a3fa1e92e615547819,DGS-019,holdout,easy,science,style__reluctantly_complying_refusal_styled,non_factorial,,,measured,30de267dfc5b548acebcaaa2856bbbf00e6756d39d929af8819b49eeaba5e4de,12.062499526036845,,0.0,,0.0,,0,false,0.24105089036144578,1.0271177040739967,3.9693443935963065e-05,,0.0,91,,length_drift_neutral_endpoint_absent,0.0,0.0,true,true,B,10,10,,0
phase_2,style-battery-gemma-2-9b-it-2026-08-17,empirical,google/gemma-2-9b-it,11c9b309abf73637e4b6f9a3fa1e92e615547819,DGS-019,holdout,easy,science,style__verbose,non_factorial,,,measured,9f7ae4dc76f1b6aec9fac3c73e1d26c89f7df07b133276a6c5b5d5c410bde95a,11.749999882660632,,0.0,,0.0,,0,false,0.14811056531732533,0.9208399318869825,8.633182838416398e-06,,0.034013605442176874,238,,length_drift_neutral_endpoint_absent,0.0,0.0,true,true,B,10,10,,0
phase_2,style-battery-gemma-2-9b-it-2026-08-17,empirical,google/gemma-2-9b-it,11c9b309abf73637e4b6f9a3fa1e92e615547819,DGS-021,holdout,hard,science,style__cautious_hedging,non_factorial,,,measured,fe4125a861d30558c0b4d0b61befbe5ce9c531c7c49db5b77685a08d242b700b,11.500000239935616,,0.0,,0.0,,0,false,0.11362266911416413,0.8031502150214478,5.0932139714605206e-06,,0.047058823529411764,328,,length_drift_neutral_endpoint_absent,0.0,0.0,true,true,C,10,10,,0
phase_2,style-battery-gemma-2-9b-it-2026-08-17,empirical,google/gemma-2-9b-it,11c9b309abf73637e4b6f9a3fa1e92e615547819,DGS-021,holdout,hard,science,style__enthusiastic,non_factorial,,,measured,5875cf20b030df254c5b31db9cfe5a4d31413f0ff553dc00d31363f9adc1f975,6.812499947613105,,,m2_invalid_final_answer_all_ten_required,0.0,,0,false,0.3499198151697326,1.4465517567062833,0.0006707593413434902,,0.0425531914893617,311,,length_drift_neutral_endpoint_absent,0.0,0.0,true,true,C,10,8,,0
phase_2,style-battery-gemma-2-9b-it-2026-08-17,empirical,google/gemma-2-9b-it,11c9b309abf73637e4b6f9a3fa1e92e615547819,DGS-021,holdout,hard,science,style__neutral_reference,non_factorial,,,measured,ff9d5d78b129a58544aa4c2868a52dc3f13aa2c73ccfd700b85a5b9209cf9e82,12.624999642524926,,0.0,,0.0,,0,false,0.11602234739303702,0.8279174044262393,3.5245599802378564e-06,,0.04678362573099415,326,,length_drift_neutral_endpoint_absent,0.0,0.0,true,true,C,10,10,,0
phase_2,style-battery-gemma-2-9b-it-2026-08-17,empirical,google/gemma-2-9b-it,11c9b309abf73637e4b6f9a3fa1e92e615547819,DGS-021,holdout,hard,science,style__reluctantly_complying_refusal_styled,non_factorial,,,measured,bdd5c38edafdc153fcb271c928fa1dd2aa846cb628e4d47100412e644564674d,11.750000000465661,,,m2_invalid_final_answer_all_ten_required,0.0,,0,false,0.16287743657251527,0.9540120180141081,5.428403147760104e-05,,0.05303030303030303,247,,length_drift_neutral_endpoint_absent,0.0,0.0,true,true,C,10,9,,0
phase_2,style-battery-gemma-2-9b-it-2026-08-17,empirical,google/gemma-2-9b-it,11c9b309abf73637e4b6f9a3fa1e92e615547819,DGS-021,holdout,hard,science,style__verbose,non_factorial,,,measured,5285a05aff00f602048c915c515e098f9f74911d074b74e31653828906f7ad6e,10.93749979356653,,,m2_invalid_final_answer_all_ten_required,0.0,,0,false,0.11211765034095013,0.8102473472060613,1.511584150644361e-05,,0.11646586345381527,476,,length_drift_neutral_endpoint_absent,0.0,0.0,true,true,C,10,4,,0
phase_2,style-battery-gemma-2-9b-it-2026-08-17,empirical,google/gemma-2-9b-it,11c9b309abf73637e4b6f9a3fa1e92e615547819,DGS-024,holdout,hard,science,style__cautious_hedging,non_factorial,,,measured,9ee00476842b06e6e04e4249289773c97666867d944c2e25b26c387087daa5df,14.031250239211658,,,m2_invalid_final_answer_all_ten_required,0.0,,0,false,0.15515349975353793,0.9531237676027388,9.109579438484395e-06,,0.027210884353741496,234,,length_drift_neutral_endpoint_absent,0.0,0.0,true,true,D,10,5,,0
phase_2,style-battery-gemma-2-9b-it-2026-08-17,empirical,google/gemma-2-9b-it,11c9b309abf73637e4b6f9a3fa1e92e615547819,DGS-024,holdout,hard,science,style__enthusiastic,non_factorial,,,measured,d0395697984811691165aec9b29fa5b9dd24a16cff87a0f3163c5aa50059653b,8.374999939696863,,,m2_invalid_final_answer_all_ten_required,0.0,,0,false,0.27743512072039705,1.3712722548677347,0.0007184373051003338,,0.06896551724137931,320,,length_drift_neutral_endpoint_absent,0.0,0.0,true,true,D,10,8,,0
phase_2,style-battery-gemma-2-9b-it-2026-08-17,empirical,google/gemma-2-9b-it,11c9b309abf73637e4b6f9a3fa1e92e615547819,DGS-024,holdout,hard,science,style__neutral_reference,non_factorial,,,measured,7a24ab6576dd8cb82c5c00ca67746e2f4b6136c7ecacb4a92121bd593d002fd5,13.562500119827746,,,m2_invalid_final_answer_all_ten_required,0.0,,0,false,0.11983173160435825,0.8851351030829488,1.05372574927892e-05,,0.06870229007633588,216,,length_drift_neutral_endpoint_absent,0.0,0.0,true,true,D,10,7,,0
phase_2,style-battery-gemma-2-9b-it-2026-08-17,empirical,google/gemma-2-9b-it,11c9b309abf73637e4b6f9a3fa1e92e615547819,DGS-024,holdout,hard,science,style__reluctantly_complying_refusal_styled,non_factorial,,,measured,069f969df9a2ca5deb3779d5296111cde67ffe032ab2d555aa58400000a54e70,12.874999767620466,,,m2_invalid_final_answer_all_ten_required,0.0,,0,false,0.17460861380252563,1.0115942306493793,9.579261351179664e-05,,0.0,116,,length_drift_neutral_endpoint_absent,0.0,0.0,true,true,D,10,9,,0
phase_2,style-battery-gemma-2-9b-it-2026-08-17,empirical,google/gemma-2-9b-it,11c9b309abf73637e4b6f9a3fa1e92e615547819,DGS-024,holdout,hard,science,style__verbose,non_factorial,,,measured,dbeecc3cb0d20e2e91fcf39b1a82712cf8df5f9f54c10581a6f5cce45a0c6f04,,m1_invalid_final_answer,,m2_invalid_final_answer_all_ten_required,0.0,,0,false,0.19768001055934098,1.0802600457923057,2.4441241483674676e-05,,0.004310344827586207,359,,length_drift_neutral_endpoint_absent,0.0,0.0,false,,,10,8,,0
phase_2,style-battery-gemma-2-9b-it-2026-08-17,empirical,google/gemma-2-9b-it,11c9b309abf73637e4b6f9a3fa1e92e615547819,DGS-025,holdout,easy,language,style__cautious_hedging,non_factorial,,,measured,e50a452a617f66a360536757d1866d2feb00a9ca0cdabd8fb9858206a925254d,12.687499765881512,,0.0,,0.0,,0,false,0.4333715636294569,1.2885208009739972,0.000555859666776968,,0.0,61,,length_drift_neutral_endpoint_absent,0.0,0.0,true,true,C,10,10,,0
phase_2,style-battery-gemma-2-9b-it-2026-08-17,empirical,google/gemma-2-9b-it,11c9b309abf73637e4b6f9a3fa1e92e615547819,DGS-025,holdout,easy,language,style__enthusiastic,non_factorial,,,measured,4ebe53112b59677055d157f77601322b48ecbace705a0e1498cfef1c93592a65,13.999999645027856,,0.19999999999999996,,0.0,,0,false,0.5517807339719818,1.5885289834268386,0.0011333678583428388,,0.0,85,,length_drift_neutral_endpoint_absent,0.0,0.0,true,true,C,10,10,,0
phase_2,style-battery-gemma-2-9b-it-2026-08-17,empirical,google/gemma-2-9b-it,11c9b309abf73637e4b6f9a3fa1e92e615547819,DGS-025,holdout,easy,language,style__neutral_reference,non_factorial,,,measured,6ba49b6b5bfc950870835df4425bf32366690fa03621200cd376306cb5bd2929,12.249999650215614,,0.09999999999999998,,0.0,,0,false,0.35035657814789545,1.3873011695595403,0.000537667267553806,,0.0,60,,length_drift_neutral_endpoint_absent,0.0,0.0,true,true,C,10,10,,0
phase_2,style-battery-gemma-2-9b-it-2026-08-17,empirical,google/gemma-2-9b-it,11c9b309abf73637e4b6f9a3fa1e92e615547819,DGS-025,holdout,easy,language,style__reluctantly_complying_refusal_styled,non_factorial,,,measured,5e3252fa824d211e81c3733e7d8b8c19e3ea42f403763cf67811e8d4e56ac3f1,10.124999970837962,,0.19999999999999996,,0.0,,0,false,0.4189200903183435,1.4236805275102655,0.0008531371647137984,,0.0,62,,length_drift_neutral_endpoint_absent,0.0,0.0,true,true,C,10,10,,0
phase_2,style-battery-gemma-2-9b-it-2026-08-17,empirical,google/gemma-2-9b-it,11c9b309abf73637e4b6f9a3fa1e92e615547819,DGS-025,holdout,easy,language,style__verbose,non_factorial,,,measured,ade2f4e938c55d29ba67ba6ad34a3096cd774347561322396b24931f65a959de,8.625000308034942,,0.19999999999999996,,0.0,,0,false,0.49366643643781116,1.8416359411380585,0.0017002186095796835,,0.004405286343612335,349,,length_drift_neutral_endpoint_absent,0.0,0.0,true,true,C,10,10,,0
phase_2,style-battery-gemma-2-9b-it-2026-08-17,empirical,google/gemma-2-9b-it,11c9b309abf73637e4b6f9a3fa1e92e615547819,DGS-027,holdout,easy,language,style__cautious_hedging,non_factorial,,,measured,238fca4b43e3bb82783dfca5fccac694d9ed22518174158d9afa786080ede281,13.249999881802069,,0.0,,0.0,,0,false,0.31272098599114895,1.3586609157761127,0.0004745396715096892,,0.06756756756756757,213,,length_drift_neutral_endpoint_absent,0.0,0.0,true,true,A,10,10,,0
phase_2,style-battery-gemma-2-9b-it-2026-08-17,empirical,google/gemma-2-9b-it,11c9b309abf73637e4b6f9a3fa1e92e615547819,DGS-027,holdout,easy,language,style__enthusiastic,non_factorial,,,measured,00d6b85dee42e2fa826eab2d5f5bf237eb71b640668569d025a79fc96cad901d,11.937500176136382,,0.0,,0.0,,0,false,0.6513729141510589,1.7853225897302463,0.0023773986276206457,,0.0,94,,length_drift_neutral_endpoint_absent,0.0,0.0,true,true,A,10,10,,0
phase_2,style-battery-gemma-2-9b-it-2026-08-17,empirical,google/gemma-2-9b-it,11c9b309abf73637e4b6f9a3fa1e92e615547819,DGS-027,holdout,easy,language,style__neutral_reference,non_factorial,,,measured,334d373d1342844fed99e823a9c5dd22d2e4cf3f7362204a103d45c3b966c97c,13.31249976624531,,0.0,,0.0,,0,false,0.399879993079306,1.4477660137251434,0.0006070316475759972,,0.0,103,,length_drift_neutral_endpoint_absent,0.0,0.0,true,true,A,10,10,,0
phase_2,style-battery-gemma-2-9b-it-2026-08-17,empirical,google/gemma-2-9b-it,11c9b309abf73637e4b6f9a3fa1e92e615547819,DGS-027,holdout,easy,language,style__reluctantly_complying_refusal_styled,non_factorial,,,measured,a19d128fb24f97b0841850082168a408a5b83f12562e45bc96d9094246e1bc3b,12.875000126412488,,0.0,,0.0,,0,false,0.49656297730198584,1.4507947869813316,0.001018460156720394,,0.0,52,,length_drift_neutral_endpoint_absent,0.0,0.0,true,true,A,10,10,,0
phase_2,style-battery-gemma-2-9b-it-2026-08-17,empirical,google/gemma-2-9b-it,11c9b309abf73637e4b6f9a3fa1e92e615547819,DGS-027,holdout,easy,language,style__verbose,non_factorial,,,measured,b58ed0d0c9cd311c5b640b14890b3e0f0ad3af66706943b396fedadcde253c7a,14.218750239211658,,0.0,,0.0,,0,false,0.331282869722666,1.3930299469707759,0.00028156190926108466,,0.02564102564102564,223,,length_drift_neutral_endpoint_absent,0.0,0.0,true,true,A,10,10,,0
phase_2,style-battery-gemma-2-9b-it-2026-08-17,empirical,google/gemma-2-9b-it,11c9b309abf73637e4b6f9a3fa1e92e615547819,DGS-029,holdout,hard,language,style__cautious_hedging,non_factorial,,,measured,44a18d25cfe6623b36d058199c005c74a93f7d44df187f496124250802e13072,12.562500000800355,,0.0,,0.0,,0,false,0.37795210538436563,1.4514719988045823,0.0004475560877342504,,0.0,79,,length_drift_neutral_endpoint_absent,0.0,0.0,true,true,B,10,10,,0
phase_2,style-battery-gemma-2-9b-it-2026-08-17,empirical,google/gemma-2-9b-it,11c9b309abf73637e4b6f9a3fa1e92e615547819,DGS-029,holdout,hard,language,style__enthusiastic,non_factorial,,,measured,2da3f6939c18bab5f67dc06d3e8d1f12590bbd141518ec37649dfa9a8e8b3089,13.374999765619577,,0.0,,0.0,,0,false,0.35303445497277863,1.2212029216023488,0.0007866783549111764,,0.0,104,,length_drift_neutral_endpoint_absent,0.0,0.0,true,true,B,10,10,,0
phase_2,style-battery-gemma-2-9b-it-2026-08-17,empirical,google/gemma-2-9b-it,11c9b309abf73637e4b6f9a3fa1e92e615547819,DGS-029,holdout,hard,language,style__neutral_reference,non_factorial,,,measured,45d8dc962c2132601a5be5468a246ec2da386adc142e394aa604d13036f88458,12.749999881758413,,0.0,,0.0,,0,false,0.34523085389581015,1.4607348944476228,0.0003428561298752601,,0.0,68,,length_drift_neutral_endpoint_absent,0.0,0.0,true,true,B,10,10,,0
phase_2,style-battery-gemma-2-9b-it-2026-08-17,empirical,google/gemma-2-9b-it,11c9b309abf73637e4b6f9a3fa1e92e615547819,DGS-029,holdout,hard,language,style__reluctantly_complying_refusal_styled,non_factorial,,,measured,17c71280be7908dbc65c51e21d0e5d1d064d297b537d18d8a32c2fa28f1827e5,13.312499524145096,,0.0,,0.0,,0,false,0.3915037412125702,1.301160989684893,0.0001702386070033563,,0.0,49,,length_drift_neutral_endpoint_absent,0.0,0.0,true,true,B,10,10,,0
phase_2,style-battery-gemma-2-9b-it-2026-08-17,empirical,google/gemma-2-9b-it,11c9b309abf73637e4b6f9a3fa1e92e615547819,DGS-029,holdout,hard,language,style__verbose,non_factorial,,,measured,98ea4305a8654b56861dbc643ce9e61028c55ee441e8b2c8521d195b2ac61bf9,13.312500126994564,,0.0,,0.0,,0,false,0.34301562722870615,1.4356145915017655,0.0004677462673335972,,0.030456852791878174,260,,length_drift_neutral_endpoint_absent,0.0,0.0,true,true,B,10,10,,0
phase_2,style-battery-gemma-2-9b-it-2026-08-17,empirical,google/gemma-2-9b-it,11c9b309abf73637e4b6f9a3fa1e92e615547819,DGS-031,holdout,hard,language,style__cautious_hedging,non_factorial,,,measured,9a449e7429d28ab2a262430c940b59abf5ab4fb17284dc18b429abbd07e1240c,15.468750000016371,,0.0,,0.0,,0,false,0.33590154058999533,1.1103490317256344,0.00011182791598337941,,0.034482758620689655,45,,length_drift_neutral_endpoint_absent,0.0,0.0,true,true,D,10,10,,0
phase_2,style-battery-gemma-2-9b-it-2026-08-17,empirical,google/gemma-2-9b-it,11c9b309abf73637e4b6f9a3fa1e92e615547819,DGS-031,holdout,hard,language,style__enthusiastic,non_factorial,,,measured,15cb191310c3880e76f446ff4704eac293429aa5c7ed1aa553993d49a059f7e8,13.250000002764864,,0.0,,0.0,,0,false,0.5406877566354039,1.8407572006458783,0.0032059737436027453,,0.026785714285714284,163,,length_drift_neutral_endpoint_absent,0.0,0.0,true,true,D,10,10,,0
phase_2,style-battery-gemma-2-9b-it-2026-08-17,empirical,google/gemma-2-9b-it,11c9b309abf73637e4b6f9a3fa1e92e615547819,DGS-031,holdout,hard,language,style__neutral_reference,non_factorial,,,measured,a95d0804d8fe0bb83c789f5f18ff0deaea355a0b7ad5c8b2667a7379e6233384,15.062500119220203,,0.0,,0.0,,0,false,0.3175407623555416,1.2702513019136992,0.0002317433208688699,,0.0970873786407767,146,,length_drift_neutral_endpoint_absent,0.0,0.0,true,true,D,10,10,,0
phase_2,style-battery-gemma-2-9b-it-2026-08-17,empirical,google/gemma-2-9b-it,11c9b309abf73637e4b6f9a3fa1e92e615547819,DGS-031,holdout,hard,language,style__reluctantly_complying_refusal_styled,non_factorial,,,measured,d41f6a78ece9206960f3b1130448dce08de34eb2f0d083bf15ce49be7f977eeb,9.999999789375579,,0.0,,0.0,,0,false,0.6863020595905253,1.938925419695007,0.004121083982780648,,0.058823529411764705,56,,length_drift_neutral_endpoint_absent,0.0,0.0,true,true,D,10,10,,0
phase_2,style-battery-gemma-2-9b-it-2026-08-17,empirical,google/gemma-2-9b-it,11c9b309abf73637e4b6f9a3fa1e92e615547819,DGS-031,holdout,hard,language,style__verbose,non_factorial,,,measured,764fb6653745409644b26ede8ad6c5b52465cf536d1eafc223c1aea58f43dd52,15.218749761629624,,0.0,,0.0,,0,false,0.3159958049886887,1.418336036092919,0.0002876695803527463,,0.072,167,,length_drift_neutral_endpoint_absent,0.0,0.0,true,true,D,10,10,,0
phase_2,style-battery-gemma-2-9b-it-2026-08-17,empirical,google/gemma-2-9b-it,11c9b309abf73637e4b6f9a3fa1e92e615547819,DGS-033,holdout,easy,history,style__cautious_hedging,non_factorial,,,measured,76b2c7dcb5770e4dbf9621dd74a5820d10160a18ee6e7969521c487e26a74960,15.437500357753379,,0.0,,0.0,,0,false,0.44717270122981456,1.636506720812968,0.0019367097586395095,,0.0,91,,length_drift_neutral_endpoint_absent,1.694915254237288,0.0,true,true,C,10,10,,0
phase_2,style-battery-gemma-2-9b-it-2026-08-17,empirical,google/gemma-2-9b-it,11c9b309abf73637e4b6f9a3fa1e92e615547819,DGS-033,holdout,easy,history,style__enthusiastic,non_factorial,,,measured,538b6ec1bf4c51fe8939557cda77601f4681b8965c0c70d8edfe2f885598ead3,13.875000003601599,,0.0,,0.0,,0,false,0.6581271269179936,1.9006045791861212,0.00454588891488961,,0.0,105,,length_drift_neutral_endpoint_absent,0.0,0.0,true,true,C,10,10,,0
phase_2,style-battery-gemma-2-9b-it-2026-08-17,empirical,google/gemma-2-9b-it,11c9b309abf73637e4b6f9a3fa1e92e615547819,DGS-033,holdout,easy,history,style__neutral_reference,non_factorial,,,measured,14184d4588b1618dd1bd6b6b9f02b7124df02f642eebed8fe30269fd581b2850,14.656249881125404,,0.0,,0.0,,0,false,0.3549026753033826,1.3983336684125494,0.0011245147010728526,,0.0,32,,length_drift_neutral_endpoint_absent,0.0,0.0,true,true,C,10,10,,0
phase_2,style-battery-gemma-2-9b-it-2026-08-17,empirical,google/gemma-2-9b-it,11c9b309abf73637e4b6f9a3fa1e92e615547819,DGS-033,holdout,easy,history,style__reluctantly_complying_refusal_styled,non_factorial,,,measured,40b512baa212adcc7cf77156722e7897b36cb352bdaea513a1f1885e902d49df,14.500000239288056,,,m2_invalid_final_answer_all_ten_required,0.0,,0,false,0.49549271635431924,1.6147309637531153,0.001130755056773296,,0.0,77,,length_drift_neutral_endpoint_absent,0.0,0.0,true,true,C,10,8,,0
phase_2,style-battery-gemma-2-9b-it-2026-08-17,empirical,google/gemma-2-9b-it,11c9b309abf73637e4b6f9a3fa1e92e615547819,DGS-033,holdout,easy,history,style__verbose,non_factorial,,,measured,4cfd3d8d93ac7984d2a21bff04c9ac1c5a4af92ea18d46576bc4c147f3bd04b1,15.12500023906614,,0.0,,0.0,,0,false,0.34031777058428664,1.424439052227224,0.00021760790135659684,,0.01282051282051282,237,,length_drift_neutral_endpoint_absent,0.0,0.0,true,true,C,10,10,,0
phase_2,style-battery-gemma-2-9b-it-2026-08-17,empirical,google/gemma-2-9b-it,11c9b309abf73637e4b6f9a3fa1e92e615547819,DGS-036,holdout,easy,history,style__cautious_hedging,non_factorial,,,measured,54fb3d3a68a2981c4b839815899c5b7c800584dadb15974b56c41bbad7c940ce,14.93749976235631,,0.0,,0.0,,0,false,0.34320334413058856,1.5814201753987387,0.002175614158025696,,0.0,26,,length_drift_neutral_endpoint_absent,0.0,0.0,true,true,D,10,10,,0
phase_2,style-battery-gemma-2-9b-it-2026-08-17,empirical,google/gemma-2-9b-it,11c9b309abf73637e4b6f9a3fa1e92e615547819,DGS-036,holdout,easy,history,style__enthusiastic,non_factorial,,,measured,a408d35422d7f41a387b8ece43dd0d3f778402310514916b7e2540581d9b508b,16.37499964304152,,0.0,,0.0,,0,false,0.5311010272563064,1.6913290041116256,0.0025809162541884797,,0.0,132,,length_drift_neutral_endpoint_absent,0.0,0.0,true,true,D,10,10,,0
phase_2,style-battery-gemma-2-9b-it-2026-08-17,empirical,google/gemma-2-9b-it,11c9b309abf73637e4b6f9a3fa1e92e615547819,DGS-036,holdout,easy,history,style__neutral_reference,non_factorial,,,measured,9f69d1cc1ff2eb8451067e6a7c2f4c0388efa0fcb1ddecd211b654db8d47ad65,16.343749284843398,,0.0,,0.0,,0,false,0.1460676069752349,0.7518832573759885,5.0603648520800656e-05,,0.0,26,,length_drift_neutral_endpoint_absent,0.0,0.0,true,true,D,10,10,,0
phase_2,style-battery-gemma-2-9b-it-2026-08-17,empirical,google/gemma-2-9b-it,11c9b309abf73637e4b6f9a3fa1e92e615547819,DGS-036,holdout,easy,history,style__reluctantly_complying_refusal_styled,non_factorial,,,measured,d0e68fdd10ff14de04ce1f0f91f66fdcff4548e0fd7298c55ed44f9868b7008e,14.21874988302443,,0.0,,0.0,,0,false,0.5077162840479256,1.4362015128513708,0.0014872234942754554,,0.0,34,,length_drift_neutral_endpoint_absent,0.0,0.0,true,true,D,10,10,,0
phase_2,style-battery-gemma-2-9b-it-2026-08-17,empirical,google/gemma-2-9b-it,11c9b309abf73637e4b6f9a3fa1e92e615547819,DGS-036,holdout,easy,history,style__verbose,non_factorial,,,measured,d581fc7f88e7662bd1c49b95b1e09b2767c4a8eaf6f871f05de6a1e79c5e84f9,13.375000359767,,0.0,,0.0,,0,false,0.3484482728025985,1.4366891514907953,0.0007286735547704284,,0.0,238,,length_drift_neutral_endpoint_absent,0.0,0.0,true,true,D,10,10,,0
phase_2,style-battery-gemma-2-9b-it-2026-08-17,empirical,google/gemma-2-9b-it,11c9b309abf73637e4b6f9a3fa1e92e615547819,DGS-039,holdout,hard,history,style__cautious_hedging,non_factorial,,,measured,a24d472a45720fefc171e2cedc537799d4db0a9a6853c61f4e9fe8ead30761b1,10.562499781110091,,0.0,,0.0,,0,false,0.2223295343475561,1.1536013531166665,0.0001578757569450435,,0.12941176470588237,182,,length_drift_neutral_endpoint_absent,0.0,0.0,true,true,A,10,10,,0
phase_2,style-battery-gemma-2-9b-it-2026-08-17,empirical,google/gemma-2-9b-it,11c9b309abf73637e4b6f9a3fa1e92e615547819,DGS-039,holdout,hard,history,style__enthusiastic,non_factorial,,,measured,0484943258f46561d6411c36e322ec003b8a7a7e039831be8c1c2cb42221fe82,11.124999541629222,,0.0,,0.0,,0,false,0.36960096638652706,1.551209352200174,0.0010518683052724988,,0.0,174,,length_drift_neutral_endpoint_absent,0.0,0.0,true,true,A,10,10,,0
phase_2,style-battery-gemma-2-9b-it-2026-08-17,empirical,google/gemma-2-9b-it,11c9b309abf73637e4b6f9a3fa1e92e615547819,DGS-039,holdout,hard,history,style__neutral_reference,non_factorial,,,measured,7a125d25d1766964ff65f5bfe30fb58b71c28ff839c6fcf901452a41a2f65e8f,11.06250012711098,,0.0,,0.0,,0,false,0.21156148326956972,1.1699115051165654,6.323310398577273e-05,,0.0,152,,length_drift_neutral_endpoint_absent,0.0,0.0,true,true,A,10,10,,0
phase_2,style-battery-gemma-2-9b-it-2026-08-17,empirical,google/gemma-2-9b-it,11c9b309abf73637e4b6f9a3fa1e92e615547819,DGS-039,holdout,hard,history,style__reluctantly_complying_refusal_styled,non_factorial,,,measured,ab3996c976ff4d27bb5330922d084da387e73cb6ef5039068ea7c7e2e6964512,11.18749989810749,,0.0,,0.0,,0,false,0.3287355794300993,1.280843183825313,0.0002722754432984715,,0.0,64,,length_drift_neutral_endpoint_absent,0.0,0.0,true,true,A,10,10,,0
phase_2,style-battery-gemma-2-9b-it-2026-08-17,empirical,google/gemma-2-9b-it,11c9b309abf73637e4b6f9a3fa1e92e615547819,DGS-039,holdout,hard,history,style__verbose,non_factorial,,,measured,caa751f647f5401a86264dccbe7586991707c386c160e0acf99249fa534b2f50,12.250000241307134,,0.0,,0.0,,0,false,0.22070535834529234,1.2169448337421553,2.665084459832468e-05,,0.04195804195804196,258,,length_drift_neutral_endpoint_absent,0.0,0.0,true,true,A,10,10,,0
phase_2,style-battery-gemma-2-9b-it-2026-08-17,empirical,google/gemma-2-9b-it,11c9b309abf73637e4b6f9a3fa1e92e615547819,DGS-040,holdout,hard,history,style__cautious_hedging,non_factorial,,,measured,10b163583b53f445c753e73e88ff09a6949e88660456c1098a2a84d3f9252cac,13.312499885083525,,0.0,,0.0,,0,false,0.37787998293901526,1.5182017910794068,0.00014273421687349892,,0.0,108,,length_drift_neutral_endpoint_absent,0.0,0.0,true,true,B,10,10,,0
phase_2,style-battery-gemma-2-9b-it-2026-08-17,empirical,google/gemma-2-9b-it,11c9b309abf73637e4b6f9a3fa1e92e615547819,DGS-040,holdout,hard,history,style__enthusiastic,non_factorial,,,measured,4b6a3d00a305104e1ec66f977a48688b057af6feb6e40b5c5ec345352e91d834,12.250000373343937,,0.0,,0.0,,0,false,0.6955488628732,1.8773758376750405,0.004402807838374123,,0.0,141,,length_drift_neutral_endpoint_absent,0.0,0.0,true,true,B,10,10,,0
phase_2,style-battery-gemma-2-9b-it-2026-08-17,empirical,google/gemma-2-9b-it,11c9b309abf73637e4b6f9a3fa1e92e615547819,DGS-040,holdout,hard,history,style__neutral_reference,non_factorial,,,measured,e902f3155536c99d74eb2c9e89b9a3f8e130a24fcb0e1b795acae929cd3d425f,13.875000359643309,,0.0,,0.0,,0,false,0.42623113116652195,1.480853181997418,0.0001986846183372339,,0.0,114,,length_drift_neutral_endpoint_absent,0.0,0.0,true,true,B,10,10,,0
phase_2,style-battery-gemma-2-9b-it-2026-08-17,empirical,google/gemma-2-9b-it,11c9b309abf73637e4b6f9a3fa1e92e615547819,DGS-040,holdout,hard,history,style__reluctantly_complying_refusal_styled,non_factorial,,,measured,9d597ded19d0b5cbbc4408f029816b6bc944c9afa19440f66e3b2054acd2e950,13.03125001344597,,0.0,,0.0,,0,false,0.5172659629118598,1.7335452528963662,0.000772527240790017,,0.0,114,,length_drift_neutral_endpoint_absent,0.0,0.0,true,true,B,10,10,,0
phase_2,style-battery-gemma-2-9b-it-2026-08-17,empirical,google/gemma-2-9b-it,11c9b309abf73637e4b6f9a3fa1e92e615547819,DGS-040,holdout,hard,history,style__verbose,non_factorial,,,measured,4782c7129921f43854da948f8132bfcd8e609d01cdc61557c6418b99dd7f7482,12.624999890234903,,0.0,,0.0,,0,false,0.3773575572049175,1.4117111746391704,0.0004820935473766301,,0.0,313,,length_drift_neutral_endpoint_absent,0.0,0.0,true,true,B,10,10,,0
phase_2,style-battery-qwen2.5-3b-2026-08-17,empirical,Qwen/Qwen2.5-3B-Instruct,aa8e72537993ba99e69dfaafa59ed015b17504d1,DGS-001,holdout,easy,mathematics,style__cautious_hedging,non_factorial,,,measured,2ac5760a5c428496fa8d6b06e76c1ebc6b06c242459142db4e7fe84c9cff588d,19.25,,,m2_invalid_final_answer_all_ten_required,0.0,,0,false,0.3709515525648869,1.6865425028797676,0.00237607501441649,,0.0,83,,length_drift_neutral_endpoint_absent,0.0,0.0,true,true,C,10,9,,0
phase_2,style-battery-qwen2.5-3b-2026-08-17,empirical,Qwen/Qwen2.5-3B-Instruct,aa8e72537993ba99e69dfaafa59ed015b17504d1,DGS-001,holdout,easy,mathematics,style__enthusiastic,non_factorial,,,measured,0083826720c88f86b937408d0845bcd2cbb4a39216febf267e25c9c4ac13eba1,21.25,,,m2_invalid_final_answer_all_ten_required,0.0,,0,false,0.4724523683029674,1.7817569484335318,0.002014791496007567,,0.0,93,,length_drift_neutral_endpoint_absent,0.0,0.0,true,true,C,10,8,,0
phase_2,style-battery-qwen2.5-3b-2026-08-17,empirical,Qwen/Qwen2.5-3B-Instruct,aa8e72537993ba99e69dfaafa59ed015b17504d1,DGS-001,holdout,easy,mathematics,style__neutral_reference,non_factorial,,,measured,146e60d77420083dca6e455aa0a15eb6440c918dfa42ba85c41ac30f2cb956ba,20.875,,0.0,,0.0,,0,false,0.3148859767297927,1.4129954928718973,0.0005744532540293834,,0.0,89,,length_drift_neutral_endpoint_absent,0.0,0.0,true,true,C,10,10,,0
phase_2,style-battery-qwen2.5-3b-2026-08-17,empirical,Qwen/Qwen2.5-3B-Instruct,aa8e72537993ba99e69dfaafa59ed015b17504d1,DGS-001,holdout,easy,mathematics,style__reluctantly_complying_refusal_styled,non_factorial,,,measured,8a78602f81becb2e03e950590387c3316cca90893bc7ff0e1a7992fa3374af4f,22.875,,,m2_invalid_final_answer_all_ten_required,0.0,,0,false,0.3048104366005929,1.5758142407073281,0.000856828601171096,,0.0,80,,length_drift_neutral_endpoint_absent,0.0,0.0,true,true,C,10,7,,0
phase_2,style-battery-qwen2.5-3b-2026-08-17,empirical,Qwen/Qwen2.5-3B-Instruct,aa8e72537993ba99e69dfaafa59ed015b17504d1,DGS-001,holdout,easy,mathematics,style__verbose,non_factorial,,,measured,2f3fd8f7cbf2fc232e7ad49bf884d800b8cec50467186cd2e1b6be81cd38fcc6,18.374999642372188,,0.0,,0.0,,0,false,0.38276026075549024,1.7557129647590222,0.0019468096716161892,,0.059782608695652176,295,,length_drift_neutral_endpoint_absent,0.0,0.0,true,true,C,10,10,,0
phase_2,style-battery-qwen2.5-3b-2026-08-17,empirical,Qwen/Qwen2.5-3B-Instruct,aa8e72537993ba99e69dfaafa59ed015b17504d1,DGS-002,holdout,easy,mathematics,style__cautious_hedging,non_factorial,,,measured,81ba40c42c8b6622199198d047905f0591651ef809a57051a1b03cfa50315200,17.999999523162955,,0.0,,0.0,,0,false,0.3445788555276735,1.680354365875212,0.0012818373825046285,,0.0,126,,length_drift_neutral_endpoint_absent,0.0,0.0,true,true,B,10,10,,0
phase_2,style-battery-qwen2.5-3b-2026-08-17,empirical,Qwen/Qwen2.5-3B-Instruct,aa8e72537993ba99e69dfaafa59ed015b17504d1,DGS-002,holdout,easy,mathematics,style__enthusiastic,non_factorial,,,measured,74ea995cb89d42687f861fd1b76691ed6dd8735a84325aa7303fa8a34b9caafd,18.625,,0.0,,0.0,,0,false,0.33651446513786626,1.564527747305038,0.0005495224541327079,,0.0,118,,length_drift_neutral_endpoint_absent,0.0,0.0,true,true,B,10,10,,0
phase_2,style-battery-qwen2.5-3b-2026-08-17,empirical,Qwen/Qwen2.5-3B-Instruct,aa8e72537993ba99e69dfaafa59ed015b17504d1,DGS-002,holdout,easy,mathematics,style__neutral_reference,non_factorial,,,measured,a7e549aab0b525115c70bde71da6f3931895547a94c75a0e33a7ae54bdfc667c,20.25,,0.0,,0.0,,0,false,0.3300915467734005,1.5378270278540336,0.00044622876531582814,,0.0,118,,length_drift_neutral_endpoint_absent,0.0,0.0,true,true,B,10,10,,0
phase_2,style-battery-qwen2.5-3b-2026-08-17,empirical,Qwen/Qwen2.5-3B-Instruct,aa8e72537993ba99e69dfaafa59ed015b17504d1,DGS-002,holdout,easy,mathematics,style__reluctantly_complying_refusal_styled,non_factorial,,,measured,ff3218d60594a357faf62339ceae5b028a1233c5573f4fbbd2db9655db4227a6,20.625,,,m2_invalid_final_answer_all_ten_required,0.0,,0,false,0.27644113195740044,1.5080608053661189,0.00029832746790187765,,0.0,84,,length_drift_neutral_endpoint_absent,0.0,0.0,true,true,B,10,9,,0
phase_2,style-battery-qwen2.5-3b-2026-08-17,empirical,Qwen/Qwen2.5-3B-Instruct,aa8e72537993ba99e69dfaafa59ed015b17504d1,DGS-002,holdout,easy,mathematics,style__verbose,non_factorial,,,measured,f46dda4b2b769432614e503c5f6f4679e44f71a58f20d5d9fce9135c87ec4a1e,19.625,,0.0,,0.0,,0,false,0.34444966664591026,1.6167165534829824,0.0012025233453152732,,0.0,233,,length_drift_neutral_endpoint_absent,0.0,0.0,true,true,B,10,10,,0
phase_2,style-battery-qwen2.5-3b-2026-08-17,empirical,Qwen/Qwen2.5-3B-Instruct,aa8e72537993ba99e69dfaafa59ed015b17504d1,DGS-006,holdout,hard,mathematics,style__cautious_hedging,non_factorial,,,measured,7833a240b54757dc2c07d531452d9004b0c3dabf44d472ce587bec1a74b897f7,14.624999880791279,,,m2_invalid_final_answer_all_ten_required,0.0,,0,false,0.2578963446267342,1.2887753698206028,0.00033224222400906846,,0.12091503267973856,489,,length_drift_neutral_endpoint_absent,0.0,0.0,true,true,C,10,8,,0
phase_2,style-battery-qwen2.5-3b-2026-08-17,empirical,Qwen/Qwen2.5-3B-Instruct,aa8e72537993ba99e69dfaafa59ed015b17504d1,DGS-006,holdout,hard,mathematics,style__enthusiastic,non_factorial,,,measured,dabe301babbe6b50c86386f7165f872cde6f79fb13b78118577151c06ceb0d91,14.125000000000455,,,m2_invalid_final_answer_all_ten_required,0.0,,0,false,0.23737583399109508,1.2165273175337914,0.00018654763687836319,,0.03765690376569038,434,,length_drift_neutral_endpoint_absent,0.0,0.0,true,true,C,10,7,,0
phase_2,style-battery-qwen2.5-3b-2026-08-17,empirical,Qwen/Qwen2.5-3B-Instruct,aa8e72537993ba99e69dfaafa59ed015b17504d1,DGS-006,holdout,hard,mathematics,style__neutral_reference,non_factorial,,,measured,3978bdf2d71e4c51facd0fccdcfac69c7533f7013051689546c1525b837bce22,15.87499976158145,,,m2_invalid_final_answer_all_ten_required,0.0,,0,false,0.24345615668372958,1.2390805311739919,0.0002388406880874527,,0.13592233009708737,494,,length_drift_neutral_endpoint_absent,0.0,0.0,true,true,C,10,6,,0
phase_2,style-battery-qwen2.5-3b-2026-08-17,empirical,Qwen/Qwen2.5-3B-Instruct,aa8e72537993ba99e69dfaafa59ed015b17504d1,DGS-006,holdout,hard,mathematics,style__reluctantly_complying_refusal_styled,non_factorial,,,measured,9d4be1475a62d583077922bd32ad91186a3d3378df44a320a3c1a2ef43b59f0a,15.24999976158145,,,m2_invalid_final_answer_all_ten_required,0.0,,0,false,0.23979445312786132,1.1894397431257049,0.00023094838028291266,,0.045454545454545456,337,,length_drift_neutral_endpoint_absent,0.0,0.0,true,true,C,10,8,,0
phase_2,style-battery-qwen2.5-3b-2026-08-17,empirical,Qwen/Qwen2.5-3B-Instruct,aa8e72537993ba99e69dfaafa59ed015b17504d1,DGS-006,holdout,hard,mathematics,style__verbose,non_factorial,,,measured,de81ab9e76707fbe7cbfd98fbd763c4a7e0f7274af67d4cec007237e4929805b,14.62500035762804,,,m2_invalid_final_answer_all_ten_required,0.0,,0,false,0.24793782287164592,1.2466104541141334,0.0003658180695354287,,0.06746031746031746,424,,length_drift_neutral_endpoint_absent,0.0,0.0,true,true,C,10,4,,0
phase_2,style-battery-qwen2.5-3b-2026-08-17,empirical,Qwen/Qwen2.5-3B-Instruct,aa8e72537993ba99e69dfaafa59ed015b17504d1,DGS-008,holdout,hard,mathematics,style__cautious_hedging,non_factorial,,,measured,d22c88e979c90899fa038edeb04b061500abfc56d576b39db37d589cc93ad6fb,14.625000119210881,,,m2_invalid_final_answer_all_ten_required,0.0,,0,false,0.24246406941872448,1.2734854387075953,0.0004310514482757313,,0.0784313725490196,458,,length_drift_neutral_endpoint_absent,0.0,0.0,true,true,A,10,9,,0
phase_2,style-battery-qwen2.5-3b-2026-08-17,empirical,Qwen/Qwen2.5-3B-Instruct,aa8e72537993ba99e69dfaafa59ed015b17504d1,DGS-008,holdout,hard,mathematics,style__enthusiastic,non_factorial,,,measured,649f8e9ef1cd33f3a9eee24ab0375227af9859842c74e1937c350ec6c86fb7d5,14.124999642374632,,0.0,,0.0,,0,false,0.22833793015917064,1.1815860058836298,0.0002326817614814788,,0.008438818565400843,409,,length_drift_neutral_endpoint_absent,0.0,0.0,true,true,A,10,10,,0
phase_2,style-battery-qwen2.5-3b-2026-08-17,empirical,Qwen/Qwen2.5-3B-Instruct,aa8e72537993ba99e69dfaafa59ed015b17504d1,DGS-008,holdout,hard,mathematics,style__neutral_reference,non_factorial,,,measured,8ccfcf0c394dd325b62a000cb85f750b1fc885573e02d433fc3fa5585644391f,14.87499952316557,,,m2_invalid_final_answer_all_ten_required,0.0,,0,false,0.25722769602070517,1.2731691149168265,0.00042848793991411547,,0.04330708661417323,433,,length_drift_neutral_endpoint_absent,0.0,0.0,true,true,A,10,7,,0
phase_2,style-battery-qwen2.5-3b-2026-08-17,empirical,Qwen/Qwen2.5-3B-Instruct,aa8e72537993ba99e69dfaafa59ed015b17504d1,DGS-008,holdout,hard,mathematics,style__reluctantly_complying_refusal_styled,non_factorial,,,measured,7c3e1fb19e2340493e2d76653a7f30fc3d4d13612153f7bd0f63e017a1240a17,13.125000357631052,,,m2_invalid_final_answer_all_ten_required,0.0,,0,false,0.20308373767165688,1.0816638969903067,0.00016721639197736035,,0.0,307,,length_drift_neutral_endpoint_absent,0.0,0.0,true,true,A,10,9,,0
phase_2,style-battery-qwen2.5-3b-2026-08-17,empirical,Qwen/Qwen2.5-3B-Instruct,aa8e72537993ba99e69dfaafa59ed015b17504d1,DGS-008,holdout,hard,mathematics,style__verbose,non_factorial,,,measured,ddfe7dc2db8d57ebf958cd6797f64a87507278187b26b05360a48db81080c15e,14.874999880792757,,,m2_invalid_final_answer_all_ten_required,0.0,,0,false,0.20845044820254327,1.1269262629894823,0.00022884388650115558,,0.013986013986013986,482,,length_drift_neutral_endpoint_absent,0.0,0.0,true,true,A,10,7,,0
phase_2,style-battery-qwen2.5-3b-2026-08-17,empirical,Qwen/Qwen2.5-3B-Instruct,aa8e72537993ba99e69dfaafa59ed015b17504d1,DGS-009,holdout,easy,logic,style__cautious_hedging,non_factorial,,,measured,3769aa678cbb3e04e8b6448a7a674fc60128cb442cb15a81d5a1cd458acf36dd,18.374999523162955,,,m2_invalid_final_answer_all_ten_required,0.0,,0,false,0.570985221280886,1.8939923990287306,0.003221409261990008,,0.043478260869565216,246,,length_drift_neutral_endpoint_absent,0.0,0.0,true,true,D,10,8,,0
phase_2,style-battery-qwen2.5-3b-2026-08-17,empirical,Qwen/Qwen2.5-3B-Instruct,aa8e72537993ba99e69dfaafa59ed015b17504d1,DGS-009,holdout,easy,logic,style__enthusiastic,non_factorial,,,measured,039b3ab9e8a208781ba24ac36f82d5b4d66d1c3cd4c8706250bad5c8bf06ba25,22.25,,,m2_invalid_final_answer_all_ten_required,0.0,,0,false,0.5760132287629363,1.9104208771418232,0.002968097286371084,,0.07450980392156863,327,,length_drift_neutral_endpoint_absent,0.0,0.0,true,true,D,10,8,,0
phase_2,style-battery-qwen2.5-3b-2026-08-17,empirical,Qwen/Qwen2.5-3B-Instruct,aa8e72537993ba99e69dfaafa59ed015b17504d1,DGS-009,holdout,easy,logic,style__neutral_reference,non_factorial,,,measured,237de8304d6366ca1484d85ee239b994d3d1f20ebcbfabee22019677c243e326,20.499999880790718,,,m2_invalid_final_answer_all_ten_required,0.0,,0,false,0.5928219135298382,1.9356170942759328,0.004268579732481139,,0.04513888888888889,370,,length_drift_neutral_endpoint_absent,0.0,0.0,true,true,D,10,8,,0
phase_2,style-battery-qwen2.5-3b-2026-08-17,empirical,Qwen/Qwen2.5-3B-Instruct,aa8e72537993ba99e69dfaafa59ed015b17504d1,DGS-009,holdout,easy,logic,style__reluctantly_complying_refusal_styled,non_factorial,,,measured,69ea3da096d83175b8cbfa0f85dec3bb097f35cc73afae954d32bf1b62312602,18.625,,,m2_invalid_final_answer_all_ten_required,0.0,,0,false,0.5649177690672738,1.7489470989551392,0.0021770276459659615,,0.01639344262295082,167,,length_drift_neutral_endpoint_absent,0.0,0.0,true,true,D,10,8,,0
phase_2,style-battery-qwen2.5-3b-2026-08-17,empirical,Qwen/Qwen2.5-3B-Instruct,aa8e72537993ba99e69dfaafa59ed015b17504d1,DGS-009,holdout,easy,logic,style__verbose,non_factorial,,,measured,f2ecde8cfc6659955e1df00d091a4556707de372e18cad370ad779bbed9e78c7,,m1_invalid_final_answer,,m2_invalid_final_answer_all_ten_required,0.0,,0,false,0.5766310237332068,1.9242578022224632,0.004594268718080422,,0.14795918367346939,512,,length_drift_neutral_endpoint_absent,0.0,0.0,false,,,10,9,,0
phase_2,style-battery-qwen2.5-3b-2026-08-17,empirical,Qwen/Qwen2.5-3B-Instruct,aa8e72537993ba99e69dfaafa59ed015b17504d1,DGS-011,holdout,easy,logic,style__cautious_hedging,non_factorial,,,measured,8ef9ab9be0a587c7f819035a46f2e8e66a058c8ae500c7644de805fb0fe81a93,21.625,,0.0,,0.0,,0,false,0.6810792669081357,2.040182843195358,0.005510645347881904,,0.04072398190045249,276,,length_drift_neutral_endpoint_absent,0.0,0.0,true,true,A,10,10,,0
phase_2,style-battery-qwen2.5-3b-2026-08-17,empirical,Qwen/Qwen2.5-3B-Instruct,aa8e72537993ba99e69dfaafa59ed015b17504d1,DGS-011,holdout,easy,logic,style__enthusiastic,non_factorial,,,measured,b6967fb50d43867e3c2c164331247eaeede20dfcdcbbedc332f9f29cfc5ee644,20.25,,0.0,,0.0,,0,false,0.6138464660327252,1.840366213204208,0.0032364432855197514,,0.013100436681222707,287,,length_drift_neutral_endpoint_absent,0.0,0.0,true,true,A,10,10,,0
phase_2,style-battery-qwen2.5-3b-2026-08-17,empirical,Qwen/Qwen2.5-3B-Instruct,aa8e72537993ba99e69dfaafa59ed015b17504d1,DGS-011,holdout,easy,logic,style__neutral_reference,non_factorial,,,measured,8c93bdeb5558fc476b98bcd7f00315fa6ccd1d46cd1b861cf3771683906a5aca,22.5,,0.0,,0.0,,0,false,0.5993207698307317,1.8453882893784206,0.0030935115603663815,,0.030434782608695653,283,,length_drift_neutral_endpoint_absent,0.0,0.0,true,true,A,10,10,,0
phase_2,style-battery-qwen2.5-3b-2026-08-17,empirical,Qwen/Qwen2.5-3B-Instruct,aa8e72537993ba99e69dfaafa59ed015b17504d1,DGS-011,holdout,easy,logic,style__reluctantly_complying_refusal_styled,non_factorial,,,measured,732e7e023aaf3621eaf9c587847cdfe69ed0189bf4b114622e4bfc663a5c48b9,20.875,,0.0,,0.0,,0,false,0.5531212964787492,1.8482823299359963,0.0025304040008424403,,0.03686635944700461,269,,length_drift_neutral_endpoint_absent,0.0,0.0,true,true,A,10,10,,0
phase_2,style-battery-qwen2.5-3b-2026-08-17,empirical,Qwen/Qwen2.5-3B-Instruct,aa8e72537993ba99e69dfaafa59ed015b17504d1,DGS-011,holdout,easy,logic,style__verbose,non_factorial,,,measured,63e886efbf79c0fcd85268933b6e3fddfd7d3f99084a3d020d846282acc045c8,23.0,,,m2_invalid_final_answer_all_ten_required,0.0,,0,false,0.5631413406647335,1.8938414679405597,0.003648800826702932,,0.0975609756097561,507,,length_drift_neutral_endpoint_absent,0.0,0.0,true,true,A,10,9,,0
phase_2,style-battery-qwen2.5-3b-2026-08-17,empirical,Qwen/Qwen2.5-3B-Instruct,aa8e72537993ba99e69dfaafa59ed015b17504d1,DGS-013,holdout,hard,logic,style__cautious_hedging,non_factorial,,,measured,28a03cc24fc1afac0ee1375b99a0bcfb60562c226ce7fa237e9c80ba3c30376e,,m1_invalid_final_answer,,m2_invalid_final_answer_all_ten_required,0.0,,0,false,0.4787856181976067,1.7904907859869366,0.003918195222220324,,0.29442970822281167,512,,length_drift_neutral_endpoint_absent,0.0,0.2631578947368421,false,,,10,5,,0
phase_2,style-battery-qwen2.5-3b-2026-08-17,empirical,Qwen/Qwen2.5-3B-Instruct,aa8e72537993ba99e69dfaafa59ed015b17504d1,DGS-013,holdout,hard,logic,style__enthusiastic,non_factorial,,,measured,925c0d9c8edc7d643f530f33d6ac008315fbc6c5d6d29c475e4cff92d3922164,18.24999928474449,,,m2_invalid_final_answer_all_ten_required,0.0,,0,false,0.6014146334101,2.12206635876017,0.010109487630968327,,0.178125,431,,length_drift_neutral_endpoint_absent,0.0,0.0,true,true,B,10,6,,0
phase_2,style-battery-qwen2.5-3b-2026-08-17,empirical,Qwen/Qwen2.5-3B-Instruct,aa8e72537993ba99e69dfaafa59ed015b17504d1,DGS-013,holdout,hard,logic,style__neutral_reference,non_factorial,,,measured,bb57216c0050bccec1698639e66d9090e9f0b9ca7dfc04670f8fe6477c8d3054,,m1_invalid_final_answer,,m2_invalid_final_answer_all_ten_required,0.0,,0,false,0.4607762735467208,1.8794144810046292,0.006000448733432897,,0.33509234828496043,512,,length_drift_neutral_endpoint_absent,0.0,0.0,false,,,10,6,,0
phase_2,style-battery-qwen2.5-3b-2026-08-17,empirical,Qwen/Qwen2.5-3B-Instruct,aa8e72537993ba99e69dfaafa59ed015b17504d1,DGS-013,holdout,hard,logic,style__reluctantly_complying_refusal_styled,non_factorial,,,measured,8d5159ad5bbb30788fd27ffba0c4ef6e3e3c2128c3fd44145ec6723a3856bb4b,18.874999880790718,,0.6,,0.0,,0,false,0.44657438148172607,1.7125078769426663,0.0018476970932283132,,0.2180232558139535,436,,length_drift_neutral_endpoint_absent,0.0,0.0,true,true,B,10,10,,0
phase_2,style-battery-qwen2.5-3b-2026-08-17,empirical,Qwen/Qwen2.5-3B-Instruct,aa8e72537993ba99e69dfaafa59ed015b17504d1,DGS-013,holdout,hard,logic,style__verbose,non_factorial,,,measured,0e0fa39d6f66aa2417cbf2c57580e8839c520dd5934819a851c8a35f09582b15,,m1_invalid_final_answer,,m2_invalid_final_answer_all_ten_required,0.0,,0,false,0.46542031202141965,1.8355320265525674,0.0032691722558838643,,0.31283422459893045,512,,length_drift_neutral_endpoint_absent,0.0,0.0,false,,,10,8,,0
phase_2,style-battery-qwen2.5-3b-2026-08-17,empirical,Qwen/Qwen2.5-3B-Instruct,aa8e72537993ba99e69dfaafa59ed015b17504d1,DGS-016,holdout,hard,logic,style__cautious_hedging,non_factorial,,,measured,6301897b6131bff2c57c52fa477282e6be823a185a608881d1f6a7530543f674,-0.625,,,m2_invalid_final_answer_all_ten_required,0.0,,0,false,0.6933059709073993,2.114284498940938,0.009193590367163752,,0.02181818181818182,455,,length_drift_neutral_endpoint_absent,0.0,0.0,true,false,C,10,9,,0
phase_2,style-battery-qwen2.5-3b-2026-08-17,empirical,Qwen/Qwen2.5-3B-Instruct,aa8e72537993ba99e69dfaafa59ed015b17504d1,DGS-016,holdout,hard,logic,style__enthusiastic,non_factorial,,,measured,f5f5c51ee41543fc78a745fa96282eb1295cadfd758e36b0e5e851227c1c4eef,,m1_invalid_final_answer,,m2_invalid_final_answer_all_ten_required,0.0,,0,false,0.7092125492471251,2.132290806959671,0.0092924755874122,,0.02976190476190476,512,,length_drift_neutral_endpoint_absent,0.0,0.0,false,,,10,8,,0
phase_2,style-battery-qwen2.5-3b-2026-08-17,empirical,Qwen/Qwen2.5-3B-Instruct,aa8e72537993ba99e69dfaafa59ed015b17504d1,DGS-016,holdout,hard,logic,style__neutral_reference,non_factorial,,,measured,b6d04954d7f0701b98058a2c91f0943abb38648131dad244753ee757f48b559d,5.250000011175871,,,m2_invalid_final_answer_all_ten_required,0.0,,0,false,0.7250475457311255,2.078404150357524,0.00831010852034092,,0.007782101167315175,394,,length_drift_neutral_endpoint_absent,0.0,0.0,true,true,D,10,7,,0
phase_2,style-battery-qwen2.5-3b-2026-08-17,empirical,Qwen/Qwen2.5-3B-Instruct,aa8e72537993ba99e69dfaafa59ed015b17504d1,DGS-016,holdout,hard,logic,style__reluctantly_complying_refusal_styled,non_factorial,,,measured,7192524b6ebd6745effb937e346c85ea064f2f120cbf8d913c72b2da53e96746,-21.874999880790718,,,m2_invalid_final_answer_all_ten_required,0.0,,0,false,0.3259160041208106,1.6128557367264307,0.0026295364698047997,,0.41237113402061853,311,,length_drift_neutral_endpoint_absent,0.0,0.0,true,false,A,10,9,,0
phase_2,style-battery-qwen2.5-3b-2026-08-17,empirical,Qwen/Qwen2.5-3B-Instruct,aa8e72537993ba99e69dfaafa59ed015b17504d1,DGS-016,holdout,hard,logic,style__verbose,non_factorial,,,measured,f4e139f2cacdf06867b754af240da1744e555251ec802cbd3d5f1401e18ca7c8,20.749999880790718,,,m2_invalid_final_answer_all_ten_required,0.0,,0,false,0.5138898919840982,1.9343037229374238,0.006057538749268164,,0.1388888888888889,444,,length_drift_neutral_endpoint_absent,0.0,0.0,true,true,D,10,5,,0
phase_2,style-battery-qwen2.5-3b-2026-08-17,empirical,Qwen/Qwen2.5-3B-Instruct,aa8e72537993ba99e69dfaafa59ed015b17504d1,DGS-017,holdout,easy,science,style__cautious_hedging,non_factorial,,,measured,df9708e9b6fa261de0b3a21d71bbb7578c16e55bed9da8ba354f6931a03711d4,22.25,,0.0,,0.0,,0,false,0.3972129329331061,1.6645040697644404,0.0015568117931055742,,0.0,200,,length_drift_neutral_endpoint_absent,0.0,0.0,true,true,A,10,10,,0
phase_2,style-battery-qwen2.5-3b-2026-08-17,empirical,Qwen/Qwen2.5-3B-Instruct,aa8e72537993ba99e69dfaafa59ed015b17504d1,DGS-017,holdout,easy,science,style__enthusiastic,non_factorial,,,measured,b0fc20f3e4ead7ad704ae9c8c748fbdbc9b5de2f5c3f079e704f89e8965a734a,21.875,,0.0,,0.0,,0,false,0.5195029393201714,1.7877589995837162,0.002208652036496572,,0.03787878787878788,182,,length_drift_neutral_endpoint_absent,0.0,0.0,true,true,A,10,10,,0
phase_2,style-battery-qwen2.5-3b-2026-08-17,empirical,Qwen/Qwen2.5-3B-Instruct,aa8e72537993ba99e69dfaafa59ed015b17504d1,DGS-017,holdout,easy,science,style__neutral_reference,non_factorial,,,measured,293b1c19bd003c940eeefffc4aa0e5fc98ec240427bfedf80e752c83c3e5592e,17.0,,0.0,,0.0,,0,false,0.35258484472464946,1.5146122046480255,0.0014572903310577005,,0.04081632653061224,166,,length_drift_neutral_endpoint_absent,0.0,0.0,true,true,A,10,10,,0
phase_2,style-battery-qwen2.5-3b-2026-08-17,empirical,Qwen/Qwen2.5-3B-Instruct,aa8e72537993ba99e69dfaafa59ed015b17504d1,DGS-017,holdout,easy,science,style__reluctantly_complying_refusal_styled,non_factorial,,,measured,33809d86eaa8bb52a02e9ece28d7361d60f86d63ca890231451602dc0059dcd9,18.25,,0.0,,0.0,,0,false,0.5808996631767486,1.8806067083236542,0.0030572125187162008,,0.029197080291970802,182,,length_drift_neutral_endpoint_absent,0.0,0.0,true,true,A,10,10,,0
phase_2,style-battery-qwen2.5-3b-2026-08-17,empirical,Qwen/Qwen2.5-3B-Instruct,aa8e72537993ba99e69dfaafa59ed015b17504d1,DGS-017,holdout,easy,science,style__verbose,non_factorial,,,measured,696bdf5a327846663c08b05d276ef2ede58375d7160cd16461a328963e722aa6,21.125,,0.0,,0.0,,0,false,0.5069798639343345,1.7356534851384258,0.003957553769866716,,0.022857142857142857,255,,length_drift_neutral_endpoint_absent,0.0,0.0,true,true,A,10,10,,0
phase_2,style-battery-qwen2.5-3b-2026-08-17,empirical,Qwen/Qwen2.5-3B-Instruct,aa8e72537993ba99e69dfaafa59ed015b17504d1,DGS-019,holdout,easy,science,style__cautious_hedging,non_factorial,,,measured,266183f5297d87a064915371858559bf2fbc39130bd0a252b01800187cee4fa1,16.99999976158145,,0.0,,0.0,,0,false,0.18398995918833722,1.014164852792828,0.00022984670626991397,,0.05454545454545454,172,,length_drift_neutral_endpoint_absent,0.0,0.0,true,true,B,10,10,,0
phase_2,style-battery-qwen2.5-3b-2026-08-17,empirical,Qwen/Qwen2.5-3B-Instruct,aa8e72537993ba99e69dfaafa59ed015b17504d1,DGS-019,holdout,easy,science,style__enthusiastic,non_factorial,,,measured,27e7e11d56571515036410591f1a96eb1d77c9c0878b2a943b9c89b12b8bda0c,16.499999642372188,,,m2_invalid_final_answer_all_ten_required,0.0,,0,false,0.1769349477420418,1.0270964717032425,0.00019108422283140283,,0.09090909090909091,172,,length_drift_neutral_endpoint_absent,0.0,0.0,true,true,B,10,9,,0
phase_2,style-battery-qwen2.5-3b-2026-08-17,empirical,Qwen/Qwen2.5-3B-Instruct,aa8e72537993ba99e69dfaafa59ed015b17504d1,DGS-019,holdout,easy,science,style__neutral_reference,non_factorial,,,measured,7fe699c5b14e38ce71218ca3b9e702c582a4c9a7eeb56514cf1af4b34a5f5330,18.0,,0.0,,0.0,,0,false,0.17898851399956475,0.9859362754982636,0.00018566082227400822,,0.05454545454545454,172,,length_drift_neutral_endpoint_absent,0.0,0.0,true,true,B,10,10,,0
phase_2,style-battery-qwen2.5-3b-2026-08-17,empirical,Qwen/Qwen2.5-3B-Instruct,aa8e72537993ba99e69dfaafa59ed015b17504d1,DGS-019,holdout,easy,science,style__reluctantly_complying_refusal_styled,non_factorial,,,measured,9c17840ce1811156b6c809ab275f97b181b0078418992c7f0a80bd186ef8d957,17.499999880790718,,,m2_invalid_final_answer_all_ten_required,0.0,,0,false,0.17825992657904752,1.0050636389526573,0.00018464025722458256,,0.0380952380952381,164,,length_drift_neutral_endpoint_absent,0.0,0.0,true,true,B,10,9,,0
phase_2,style-battery-qwen2.5-3b-2026-08-17,empirical,Qwen/Qwen2.5-3B-Instruct,aa8e72537993ba99e69dfaafa59ed015b17504d1,DGS-019,holdout,easy,science,style__verbose,non_factorial,,,measured,edb5e3aa786bc561523f9e3ef6fde5357de610be0cfcaebad796f3ab94193e4f,13.874999761582103,,0.0,,0.0,,0,false,0.1851319465478707,0.9918436159438425,0.00015872226906464966,,0.07894736842105263,226,,length_drift_neutral_endpoint_absent,0.0,0.0,true,true,B,10,10,,0
phase_2,style-battery-qwen2.5-3b-2026-08-17,empirical,Qwen/Qwen2.5-3B-Instruct,aa8e72537993ba99e69dfaafa59ed015b17504d1,DGS-021,holdout,hard,science,style__cautious_hedging,non_factorial,,,measured,2fc4a13361f96d1239a641d65300c27c7fa19f0a10372f93aefd64ddc699f672,,m1_invalid_final_answer,,m2_invalid_final_answer_all_ten_required,0.0,,0,false,0.2898792501229336,1.4106062098067242,0.0004898676892817826,,0.09615384615384616,512,,length_drift_neutral_endpoint_absent,0.0,0.0,false,,,10,2,,0
phase_2,style-battery-qwen2.5-3b-2026-08-17,empirical,Qwen/Qwen2.5-3B-Instruct,aa8e72537993ba99e69dfaafa59ed015b17504d1,DGS-021,holdout,hard,science,style__enthusiastic,non_factorial,,,measured,2e7679f1099a26283e047b7b6cd31637966b4dba954164868c5e3e02947a3b65,,m1_invalid_final_answer,,m2_invalid_final_answer_all_ten_required,0.0,,0,false,0.21658938220955218,1.1356065005618108,0.00037404285578451746,,0.20610687022900764,512,,length_drift_neutral_endpoint_absent,0.0,0.0,false,,,10,2,,0
phase_2,style-battery-qwen2.5-3b-2026-08-17,empirical,Qwen/Qwen2.5-3B-Instruct,aa8e72537993ba99e69dfaafa59ed015b17504d1,DGS-021,holdout,hard,science,style__neutral_reference,non_factorial,,,measured,f57511cf09f594ff10227945ada4967c60fc2a700a27d9f9fbabc4457e14c7d9,,m1_invalid_final_answer,,m2_invalid_final_answer_all_ten_required,0.0,,0,false,0.23544801903387802,1.2146818825670045,0.00039182167679362905,,0.06818181818181818,512,,length_drift_neutral_endpoint_absent,0.0,0.0,false,,,10,1,,0
phase_2,style-battery-qwen2.5-3b-2026-08-17,empirical,Qwen/Qwen2.5-3B-Instruct,aa8e72537993ba99e69dfaafa59ed015b17504d1,DGS-021,holdout,hard,science,style__reluctantly_complying_refusal_styled,non_factorial,,,measured,bb1e8d75f53e11185d443f4cdf11b886d005b0a2db02c68847e63248c2006ac6,,m1_invalid_final_answer,,m2_invalid_final_answer_all_ten_required,0.0,,0,false,0.23957022145508128,1.2203092607234924,0.00042605151412453113,,0.12030075187969924,512,,length_drift_neutral_endpoint_absent,0.0,0.0,false,,,10,2,,0
phase_2,style-battery-qwen2.5-3b-2026-08-17,empirical,Qwen/Qwen2.5-3B-Instruct,aa8e72537993ba99e69dfaafa59ed015b17504d1,DGS-021,holdout,hard,science,style__verbose,non_factorial,,,measured,927adc229b8c4410783d9ec7562962526eef4942bd0ed27e1c9fd597101c9310,,m1_invalid_final_answer,,m2_invalid_final_answer_all_ten_required,0.0,,0,false,0.24244092873521705,1.3061368661179158,0.0004540613268702394,,0.08045977011494253,512,,length_drift_neutral_endpoint_absent,0.0,0.0,false,,,10,0,,0
phase_2,style-battery-qwen2.5-3b-2026-08-17,empirical,Qwen/Qwen2.5-3B-Instruct,aa8e72537993ba99e69dfaafa59ed015b17504d1,DGS-024,holdout,hard,science,style__cautious_hedging,non_factorial,,,measured,950a79063ab9c8ce1e787f6944ae76468860f50a6f4bd0b9c436178c96a56640,16.24999928474449,,,m2_invalid_final_answer_all_ten_required,0.0,,0,false,0.2628503133051612,1.3535719612988515,0.0006939769756755201,,0.027131782945736434,501,,length_drift_neutral_endpoint_absent,0.0,0.0,true,true,D,10,8,,0
phase_2,style-battery-qwen2.5-3b-2026-08-17,empirical,Qwen/Qwen2.5-3B-Instruct,aa8e72537993ba99e69dfaafa59ed015b17504d1,DGS-024,holdout,hard,science,style__enthusiastic,non_factorial,,,measured,a1b53907ffce1eec1b30e2c40cf20a70d4c3f104008bdcb42814aaad98e03397,17.74999976158145,,,m2_invalid_final_answer_all_ten_required,0.0,,0,false,0.2708450788608525,1.4892175495610727,0.0008354005886201059,,0.02564102564102564,412,,length_drift_neutral_endpoint_absent,0.0,0.0,true,true,D,10,7,,0
phase_2,style-battery-qwen2.5-3b-2026-08-17,empirical,Qwen/Qwen2.5-3B-Instruct,aa8e72537993ba99e69dfaafa59ed015b17504d1,DGS-024,holdout,hard,science,style__neutral_reference,non_factorial,,,measured,1f2f306f8afd36bb2cd948e68285be967a0059bc3f9caca95d123a3dc8ba5ba4,11.749999523195584,,,m2_invalid_final_answer_all_ten_required,0.0,,0,false,0.2746109241069118,1.4585908326810164,0.000774297263957332,,0.012295081967213115,492,,length_drift_neutral_endpoint_absent,0.0,0.0,true,true,D,10,5,,0
phase_2,style-battery-qwen2.5-3b-2026-08-17,empirical,Qwen/Qwen2.5-3B-Instruct,aa8e72537993ba99e69dfaafa59ed015b17504d1,DGS-024,holdout,hard,science,style__reluctantly_complying_refusal_styled,non_factorial,,,measured,4b8ba14954144eb88b9eaa29c56e55fd6080cf12cb9f8b36e06545a09f6c09cb,17.874999880790718,,,m2_invalid_final_answer_all_ten_required,0.0,,0,false,0.26421639615391773,1.4051374266099492,0.0007221982284768032,,0.02262443438914027,420,,length_drift_neutral_endpoint_absent,0.0,0.0,true,true,D,10,7,,0
phase_2,style-battery-qwen2.5-3b-2026-08-17,empirical,Qwen/Qwen2.5-3B-Instruct,aa8e72537993ba99e69dfaafa59ed015b17504d1,DGS-024,holdout,hard,science,style__verbose,non_factorial,,,measured,cfd490040f5f4c3e48affcbee6c460dd1092b53dc59efc078d65f990c3104c63,1.7499999552965164,,,m2_invalid_final_answer_all_ten_required,0.0,,0,false,0.34352627119537554,1.6433883607752613,0.001355889660388259,,0.039568345323741004,480,,length_drift_neutral_endpoint_absent,0.0,0.0,true,true,D,10,3,,0
phase_2,style-battery-qwen2.5-3b-2026-08-17,empirical,Qwen/Qwen2.5-3B-Instruct,aa8e72537993ba99e69dfaafa59ed015b17504d1,DGS-025,holdout,easy,language,style__cautious_hedging,non_factorial,,,measured,17879602754b97356d074bd4005e55574e9e09429ca60fdb53020f624021865c,20.5,,0.5,,0.373134328358209,,1,false,0.7002830276273467,2.0777953763388957,0.010593488572044731,,0.17307692307692307,271,,length_drift_neutral_endpoint_absent,0.0,0.0,true,true,C,10,10,,0
phase_2,style-battery-qwen2.5-3b-2026-08-17,empirical,Qwen/Qwen2.5-3B-Instruct,aa8e72537993ba99e69dfaafa59ed015b17504d1,DGS-025,holdout,easy,language,style__enthusiastic,non_factorial,,,measured,2345f778b6a8441e031f8534d4dd4998ea6ec30d5091f7191439d86682d3746d,20.0,,0.5,,0.4608294930875576,,1,false,0.6513141136484085,1.882655305039924,0.004828229742156661,,0.10179640718562874,220,,length_drift_neutral_endpoint_absent,0.0,0.0,true,true,C,10,10,,0
phase_2,style-battery-qwen2.5-3b-2026-08-17,empirical,Qwen/Qwen2.5-3B-Instruct,aa8e72537993ba99e69dfaafa59ed015b17504d1,DGS-025,holdout,easy,language,style__neutral_reference,non_factorial,,,measured,81b2c1ef52c66972268741faa8d3868a6432f616bdcd8ecd014b55c35d660262,21.375,,0.5,,0.35714285714285715,,1,false,0.7126770451255012,2.016021585979644,0.0072804176274207395,,0.14414414414414414,283,,length_drift_neutral_endpoint_absent,0.0,0.0,true,true,C,10,10,,0
phase_2,style-battery-qwen2.5-3b-2026-08-17,empirical,Qwen/Qwen2.5-3B-Instruct,aa8e72537993ba99e69dfaafa59ed015b17504d1,DGS-025,holdout,easy,language,style__reluctantly_complying_refusal_styled,non_factorial,,,measured,83911ec7b3f23eeb79f51d13e13c2c345950e1cc7614a7038d6847a718741113,-20.249999880790718,,0.30000000000000004,,0.390625,,1,false,0.7548276065118846,2.0642051673084865,0.010506666862511617,,0.07772020725388601,259,,length_drift_neutral_endpoint_absent,0.0,0.0,true,false,B,10,10,,0
phase_2,style-battery-qwen2.5-3b-2026-08-17,empirical,Qwen/Qwen2.5-3B-Instruct,aa8e72537993ba99e69dfaafa59ed015b17504d1,DGS-025,holdout,easy,language,style__verbose,non_factorial,,,measured,d323815a0f6073df33a68b11ccbed758eece90d20644c72f0d4ee209be6bf139,20.25,,0.5,,0.36496350364963503,,1,false,0.7529486361998737,2.0033572112566693,0.006145004027559257,,0.029556650246305417,277,,length_drift_neutral_endpoint_absent,0.0,0.0,true,true,C,10,10,,0
phase_2,style-battery-qwen2.5-3b-2026-08-17,empirical,Qwen/Qwen2.5-3B-Instruct,aa8e72537993ba99e69dfaafa59ed015b17504d1,DGS-027,holdout,easy,language,style__cautious_hedging,non_factorial,,,measured,c19e6de65a8df4347e058472c98ebad2e4c88f278b8993c252e81ad2c71886d7,22.875,,,m2_invalid_final_answer_all_ten_required,0.0,,0,false,0.8101321992545215,2.1610989716874047,0.013973609955333078,,0.09090909090909091,210,,length_drift_neutral_endpoint_absent,0.0,0.0,true,true,A,10,9,,0
phase_2,style-battery-qwen2.5-3b-2026-08-17,empirical,Qwen/Qwen2.5-3B-Instruct,aa8e72537993ba99e69dfaafa59ed015b17504d1,DGS-027,holdout,easy,language,style__enthusiastic,non_factorial,,,measured,dd7063728a7f0d1400cba421dabc43aee3809307278ed02db44538ec3c468299,16.124999642372188,,0.19999999999999996,,0.0,,0,false,0.6570288031876826,1.9862858331489772,0.007771343383796779,,0.12318840579710146,178,,length_drift_neutral_endpoint_absent,0.0,0.0,true,true,A,10,10,,0
phase_2,style-battery-qwen2.5-3b-2026-08-17,empirical,Qwen/Qwen2.5-3B-Instruct,aa8e72537993ba99e69dfaafa59ed015b17504d1,DGS-027,holdout,easy,language,style__neutral_reference,non_factorial,,,measured,82190abd4992bef796ed5f7b58b836f132baa3ade0b781a1fb6d1a7c33aed01a,,m1_candidate_absent_C,0.30000000000000004,,0.0,,0,false,0.655178844283553,2.0054629374562314,0.008645052087475576,,0.14925373134328357,176,,length_drift_neutral_endpoint_absent,0.0,0.0,true,true,A,10,10,,0
phase_2,style-battery-qwen2.5-3b-2026-08-17,empirical,Qwen/Qwen2.5-3B-Instruct,aa8e72537993ba99e69dfaafa59ed015b17504d1,DGS-027,holdout,easy,language,style__reluctantly_complying_refusal_styled,non_factorial,,,measured,b2458ac1f2ea4b430dfc721dbdd0d170cf23e684933c9d9a44c5d7a19f22186b,,m1_candidate_absent_C,,m2_invalid_final_answer_all_ten_required,0.0,,0,false,0.6133707789608015,1.982652540987488,0.007802941574011732,,0.22058823529411764,178,,length_drift_neutral_endpoint_absent,0.0,0.0,true,true,A,10,9,,0
phase_2,style-battery-qwen2.5-3b-2026-08-17,empirical,Qwen/Qwen2.5-3B-Instruct,aa8e72537993ba99e69dfaafa59ed015b17504d1,DGS-027,holdout,easy,language,style__verbose,non_factorial,,,measured,064d21ecdaa88518f7fa17201fb9b2b2999e8e2c276f7c7e4393f7a7b8d18c82,,m1_invalid_final_answer,,m2_invalid_final_answer_all_ten_required,0.0,,0,false,0.760738217046563,2.0574279454601085,0.009645558801562037,,0.08530805687203792,268,,length_drift_neutral_endpoint_absent,0.0,0.0,false,,,10,7,,0
phase_2,style-battery-qwen2.5-3b-2026-08-17,empirical,Qwen/Qwen2.5-3B-Instruct,aa8e72537993ba99e69dfaafa59ed015b17504d1,DGS-029,holdout,hard,language,style__cautious_hedging,non_factorial,,,measured,a0fbd3107c04742647f7aa74f3ec59c08ae7e73641a07a508b3019ce84886d50,23.375,,0.0,,0.0,,0,false,0.5850702499657443,1.9425159599318464,0.007626706110457692,,0.1366120218579235,241,,length_drift_neutral_endpoint_absent,0.0,0.0,true,true,B,10,10,,0
phase_2,style-battery-qwen2.5-3b-2026-08-17,empirical,Qwen/Qwen2.5-3B-Instruct,aa8e72537993ba99e69dfaafa59ed015b17504d1,DGS-029,holdout,hard,language,style__enthusiastic,non_factorial,,,measured,154adb82f09e219b75e28d358f88a1b099344843ca276a633870832a16f3b484,,m1_candidate_absent_A,,m2_invalid_final_answer_all_ten_required,0.0,,0,false,0.6705409375616548,2.0404453689984767,0.010209089790811875,,0.04242424242424243,228,,length_drift_neutral_endpoint_absent,0.0,0.0,true,true,B,10,8,,0
phase_2,style-battery-qwen2.5-3b-2026-08-17,empirical,Qwen/Qwen2.5-3B-Instruct,aa8e72537993ba99e69dfaafa59ed015b17504d1,DGS-029,holdout,hard,language,style__neutral_reference,non_factorial,,,measured,2955b7709debdbbac291d66cd0c19821eff740f3e6415b6cf5be7b685e12e4c8,19.875,,0.0,,0.0,,0,false,0.6804438844539799,1.983031212518435,0.008390297285667486,,0.09883720930232558,237,,length_drift_neutral_endpoint_absent,0.0,0.0,true,true,B,10,10,,0
phase_2,style-battery-qwen2.5-3b-2026-08-17,empirical,Qwen/Qwen2.5-3B-Instruct,aa8e72537993ba99e69dfaafa59ed015b17504d1,DGS-029,holdout,hard,language,style__reluctantly_complying_refusal_styled,non_factorial,,,measured,0ac39677e6491901be7d741bddb8b1c52a6aedcfd55ae331eb47099b9d7670f3,19.12499928474449,,0.0,,0.0,,0,false,0.6756489426842098,2.003444495826048,0.009309257809514516,,0.13227513227513227,255,,length_drift_neutral_endpoint_absent,0.0,0.0,true,true,B,10,10,,0
phase_2,style-battery-qwen2.5-3b-2026-08-17,empirical,Qwen/Qwen2.5-3B-Instruct,aa8e72537993ba99e69dfaafa59ed015b17504d1,DGS-029,holdout,hard,language,style__verbose,non_factorial,,,measured,6a01ff4b0be0e2540c43de22c4f00fdc3b64611fd84cffc57639e03a77757d5c,20.375,,,m2_invalid_final_answer_all_ten_required,0.0,,0,false,0.7527531382494675,1.960917012279541,0.010759170477427676,,0.14859437751004015,331,,length_drift_neutral_endpoint_absent,0.0,0.0,true,true,B,10,9,,0
phase_2,style-battery-qwen2.5-3b-2026-08-17,empirical,Qwen/Qwen2.5-3B-Instruct,aa8e72537993ba99e69dfaafa59ed015b17504d1,DGS-031,holdout,hard,language,style__cautious_hedging,non_factorial,,,measured,04a69d577d241e4d89437609bf302c952c6230e590c29681c922a41564a8356b,,m1_candidate_absent_A,,m2_invalid_final_answer_all_ten_required,0.0,,0,false,0.5918523595690409,2.033057212016839,0.008119962944943783,,0.08783783783783784,192,,length_drift_neutral_endpoint_absent,0.0,0.0,true,true,D,10,8,,0
phase_2,style-battery-qwen2.5-3b-2026-08-17,empirical,Qwen/Qwen2.5-3B-Instruct,aa8e72537993ba99e69dfaafa59ed015b17504d1,DGS-031,holdout,hard,language,style__enthusiastic,non_factorial,,,measured,0b8aea2a312fc9ac7fb209bdeaa89d05ca9755fd2a194ccdd17e93e6d6d1ed34,24.625,,,m2_invalid_final_answer_all_ten_required,0.0,,0,false,0.5913739917644448,1.9509593562799805,0.007538465271465438,,0.15053763440860216,237,,length_drift_neutral_endpoint_absent,0.0,0.0,true,true,D,10,9,,0
phase_2,style-battery-qwen2.5-3b-2026-08-17,empirical,Qwen/Qwen2.5-3B-Instruct,aa8e72537993ba99e69dfaafa59ed015b17504d1,DGS-031,holdout,hard,language,style__neutral_reference,non_factorial,,,measured,983c183d7ed146cc05c54d5c32c52dded9ed04b8a4f6488f2ba7060d03499957,25.5,,0.09999999999999998,,0.0,,0,false,0.5700875401491937,1.8675963961569257,0.006580266046950684,,0.11956521739130435,233,,length_drift_neutral_endpoint_absent,0.0,0.0,true,true,D,10,10,,0
phase_2,style-battery-qwen2.5-3b-2026-08-17,empirical,Qwen/Qwen2.5-3B-Instruct,aa8e72537993ba99e69dfaafa59ed015b17504d1,DGS-031,holdout,hard,language,style__reluctantly_complying_refusal_styled,non_factorial,,,measured,6e8d3060ec4f42560fbec32f3068bdad2ce0bb0fad2d79e2aff64e8fc8c9881e,,m1_candidate_absent_A,,m2_invalid_final_answer_all_ten_required,0.0,,0,false,0.6524945044612646,2.0879463937341924,0.008725010095093015,,0.09016393442622951,158,,length_drift_neutral_endpoint_absent,0.0,0.0,true,true,D,10,9,,0
phase_2,style-battery-qwen2.5-3b-2026-08-17,empirical,Qwen/Qwen2.5-3B-Instruct,aa8e72537993ba99e69dfaafa59ed015b17504d1,DGS-031,holdout,hard,language,style__verbose,non_factorial,,,measured,5ac0ca6a258be64206d3ed12a4ce3f307fb3365265f73405e3a4d154c85dd2f0,22.625,,0.0,,0.0,,0,false,0.6961191633613881,2.0761592254849144,0.01001199837211032,,0.10204081632653061,249,,length_drift_neutral_endpoint_absent,0.0,0.0,true,true,D,10,10,,0
phase_2,style-battery-qwen2.5-3b-2026-08-17,empirical,Qwen/Qwen2.5-3B-Instruct,aa8e72537993ba99e69dfaafa59ed015b17504d1,DGS-033,holdout,easy,history,style__cautious_hedging,non_factorial,,,measured,0a5e7ad748fa8b4c0d340dc61469bdca9afd8da956514dcbcb6153efc4eeed51,18.5,,,m2_invalid_final_answer_all_ten_required,0.0,,0,false,0.4312529849038602,1.6439059315237559,0.0027084031429281284,,0.10185185185185185,166,,length_drift_neutral_endpoint_absent,0.0,0.0,true,true,C,10,9,,0
phase_2,style-battery-qwen2.5-3b-2026-08-17,empirical,Qwen/Qwen2.5-3B-Instruct,aa8e72537993ba99e69dfaafa59ed015b17504d1,DGS-033,holdout,easy,history,style__enthusiastic,non_factorial,,,measured,7bc35fa7b8e9c5cd4524ae33b55ce240316df237357df81d21278e3811be1059,19.125,,0.0,,0.0,,0,false,0.5339620788609473,1.980588025416676,0.004715072943869727,,0.009900990099009901,153,,length_drift_neutral_endpoint_absent,0.0,0.0,true,true,C,10,10,,0
phase_2,style-battery-qwen2.5-3b-2026-08-17,empirical,Qwen/Qwen2.5-3B-Instruct,aa8e72537993ba99e69dfaafa59ed015b17504d1,DGS-033,holdout,easy,history,style__neutral_reference,non_factorial,,,measured,ae51ac29555ba4bc4dcfdd7bf1358bc5a42c3f8174edf9a9ea526ebe4a7020ee,19.375,,,m2_invalid_final_answer_all_ten_required,0.0,,0,false,0.4600689079428687,1.7527296594801474,0.0032701747842823797,,0.05223880597014925,200,,length_drift_neutral_endpoint_absent,0.0,0.0,true,true,C,10,9,,0
phase_2,style-battery-qwen2.5-3b-2026-08-17,empirical,Qwen/Qwen2.5-3B-Instruct,aa8e72537993ba99e69dfaafa59ed015b17504d1,DGS-033,holdout,easy,history,style__reluctantly_complying_refusal_styled,non_factorial,,,measured,de5f6536926e8d11ccbd073ed20ed3c8d953619c2856802026804ea0303891a8,20.625,,,m2_invalid_final_answer_all_ten_required,0.0,,0,false,0.4844785689755106,1.5922522466335554,0.00305405021290632,,0.010869565217391304,147,,length_drift_neutral_endpoint_absent,0.0,0.0,true,true,C,10,9,,0
phase_2,style-battery-qwen2.5-3b-2026-08-17,empirical,Qwen/Qwen2.5-3B-Instruct,aa8e72537993ba99e69dfaafa59ed015b17504d1,DGS-033,holdout,easy,history,style__verbose,non_factorial,,,measured,7550ef371c9c4c04bfe1070be0be8b963029d32f71ac34d9a9beae3f87eaa3e6,19.125,,0.0,,0.0,,0,false,0.6661756103956078,2.024084622549707,0.011397705364401958,,0.058823529411764705,298,,length_drift_neutral_endpoint_absent,0.0,0.0,true,true,C,10,10,,0
phase_2,style-battery-qwen2.5-3b-2026-08-17,empirical,Qwen/Qwen2.5-3B-Instruct,aa8e72537993ba99e69dfaafa59ed015b17504d1,DGS-036,holdout,easy,history,style__cautious_hedging,non_factorial,,,measured,d0b64e861b20c70c78546740e2698c043d83fbb77e8ad5e81eeed8f2ac121507,22.875,,0.0,,0.0,,0,false,0.6987557279440922,2.090526106998279,0.013581839924933762,,0.06077348066298342,246,,length_drift_neutral_endpoint_absent,0.0,0.0,true,true,D,10,10,,0
phase_2,style-battery-qwen2.5-3b-2026-08-17,empirical,Qwen/Qwen2.5-3B-Instruct,aa8e72537993ba99e69dfaafa59ed015b17504d1,DGS-036,holdout,easy,history,style__enthusiastic,non_factorial,,,measured,e018ffd425e5c3d82f5e373ba1f994556ee35328b90e422ac69a58a5cbff83cb,22.25,,0.0,,0.0,,0,false,0.8180424063803536,2.1878468733590557,0.01788771963215952,,0.0,158,,length_drift_neutral_endpoint_absent,0.0,0.0,true,true,D,10,10,,0
phase_2,style-battery-qwen2.5-3b-2026-08-17,empirical,Qwen/Qwen2.5-3B-Instruct,aa8e72537993ba99e69dfaafa59ed015b17504d1,DGS-036,holdout,easy,history,style__neutral_reference,non_factorial,,,measured,fe1384dbe6666ca18a4417999ea0134c6366df20018df1a5b71cb1a9bc739083,23.875,,0.0,,0.0,,0,false,0.598272999027785,1.9279453039608327,0.0074549226585432105,,0.028985507246376812,202,,length_drift_neutral_endpoint_absent,0.0,0.0,true,true,D,10,10,,0
phase_2,style-battery-qwen2.5-3b-2026-08-17,empirical,Qwen/Qwen2.5-3B-Instruct,aa8e72537993ba99e69dfaafa59ed015b17504d1,DGS-036,holdout,easy,history,style__reluctantly_complying_refusal_styled,non_factorial,,,measured,0b396b97cc8c515619a5cc66d6c39e8a99d05777e2a07cfa169f9a224ca94f77,23.125,,,m2_invalid_final_answer_all_ten_required,0.0,,0,false,0.8406645865908624,2.0744072259268953,0.02048129407116551,,0.0,115,,length_drift_neutral_endpoint_absent,0.0,0.0,true,true,D,10,8,,0
phase_2,style-battery-qwen2.5-3b-2026-08-17,empirical,Qwen/Qwen2.5-3B-Instruct,aa8e72537993ba99e69dfaafa59ed015b17504d1,DGS-036,holdout,easy,history,style__verbose,non_factorial,,,measured,851ca0969877300b882edab522b12ab0dcd82c71baa0cb60e498f83cdfcbdb64,22.625,,,m2_invalid_final_answer_all_ten_required,0.0,,0,false,0.5525262696203153,1.9724038779948452,0.007604378534427517,,0.027906976744186046,341,,length_drift_neutral_endpoint_absent,0.0,0.0,true,true,D,10,8,,0
phase_2,style-battery-qwen2.5-3b-2026-08-17,empirical,Qwen/Qwen2.5-3B-Instruct,aa8e72537993ba99e69dfaafa59ed015b17504d1,DGS-039,holdout,hard,history,style__cautious_hedging,non_factorial,,,measured,6118d5ab70da3f2c55a6730723bd398ef233e76fc1ea904d293359b040f84303,15.62499964237304,,,m2_invalid_final_answer_all_ten_required,0.0,,0,false,0.47072487356607745,1.9265177135882618,0.004324433773102838,,0.11842105263157894,249,,length_drift_neutral_endpoint_absent,0.0,0.0,true,true,A,10,7,,0
phase_2,style-battery-qwen2.5-3b-2026-08-17,empirical,Qwen/Qwen2.5-3B-Instruct,aa8e72537993ba99e69dfaafa59ed015b17504d1,DGS-039,holdout,hard,history,style__enthusiastic,non_factorial,,,measured,ab8119a02b7f0d9e7e93b596c3ed7019b97ae2163785520476292e1fd4ddf9de,-1.0,,0.09999999999999998,,0.0,,0,false,0.4022782173713419,1.6879575648229919,0.003554993357214113,,0.11224489795918367,294,,length_drift_neutral_endpoint_absent,0.0,0.0,true,false,B,10,10,,0
phase_2,style-battery-qwen2.5-3b-2026-08-17,empirical,Qwen/Qwen2.5-3B-Instruct,aa8e72537993ba99e69dfaafa59ed015b17504d1,DGS-039,holdout,hard,history,style__neutral_reference,non_factorial,,,measured,dcb354ac9e1097471323865712e7211f6a49aafb01b6b623fcc04d941db74c58,16.24999976158145,,,m2_invalid_final_answer_all_ten_required,0.0,,0,false,0.35757002164843177,1.690871282001186,0.002192082840698404,,0.1069182389937107,279,,length_drift_neutral_endpoint_absent,0.0,0.0,true,true,A,10,8,,0
phase_2,style-battery-qwen2.5-3b-2026-08-17,empirical,Qwen/Qwen2.5-3B-Instruct,aa8e72537993ba99e69dfaafa59ed015b17504d1,DGS-039,holdout,hard,history,style__reluctantly_complying_refusal_styled,non_factorial,,,measured,9d5151cb45e3ec96f3c549835638d8cd8eb6d6ccf18668a477fb6dead60cd908,16.12499976158145,,0.09999999999999998,,0.0,,0,false,0.46942898281130463,1.9056045386565017,0.004753108682532115,,0.12359550561797752,298,,length_drift_neutral_endpoint_absent,0.0,0.0,true,true,A,10,10,,0
phase_2,style-battery-qwen2.5-3b-2026-08-17,empirical,Qwen/Qwen2.5-3B-Instruct,aa8e72537993ba99e69dfaafa59ed015b17504d1,DGS-039,holdout,hard,history,style__verbose,non_factorial,,,measured,dc39dc3c1551d1e5d8d5252a7babb06a366907bba9fdf6180713fa18d31dcb6e,,m1_invalid_final_answer,,m2_invalid_final_answer_all_ten_required,0.0,,0,false,0.5409164668482781,1.9604234819319117,0.006573549549091067,,0.12903225806451613,417,,length_drift_neutral_endpoint_absent,0.0,0.0,false,,,10,7,,0
phase_2,style-battery-qwen2.5-3b-2026-08-17,empirical,Qwen/Qwen2.5-3B-Instruct,aa8e72537993ba99e69dfaafa59ed015b17504d1,DGS-040,holdout,hard,history,style__cautious_hedging,non_factorial,,,measured,ca4d917799caf0883a196a4da7eb20c41a3cf660116cd476c2bab745412ee931,19.625,,,m2_invalid_final_answer_all_ten_required,0.0,,0,false,0.8454417736083245,2.1520556637924124,0.018612125601576053,,0.01838235294117647,348,,length_drift_neutral_endpoint_absent,0.0,0.0,true,true,B,10,9,,0
phase_2,style-battery-qwen2.5-3b-2026-08-17,empirical,Qwen/Qwen2.5-3B-Instruct,aa8e72537993ba99e69dfaafa59ed015b17504d1,DGS-040,holdout,hard,history,style__enthusiastic,non_factorial,,,measured,e42f1298abebe675dfe352d98c8de61d2f611f22dd4699a6031ac015dd358f95,17.625,,,m2_invalid_final_answer_all_ten_required,0.0,,0,false,1.0010687982278417,2.2153401783505604,0.021964905740179966,,0.005747126436781609,217,,length_drift_neutral_endpoint_absent,0.0,0.0,true,true,B,10,9,,0
phase_2,style-battery-qwen2.5-3b-2026-08-17,empirical,Qwen/Qwen2.5-3B-Instruct,aa8e72537993ba99e69dfaafa59ed015b17504d1,DGS-040,holdout,hard,history,style__neutral_reference,non_factorial,,,measured,db351e0795aa114448af2a50ffa013bfc6aefdfecef3960fa7036ec8ef6b583a,,m1_candidate_absent_A,,m2_invalid_final_answer_all_ten_required,0.0,,0,false,0.9646204597790674,2.188409539662699,0.022626930083077784,,0.04975124378109453,248,,length_drift_neutral_endpoint_absent,0.0,0.0,true,true,B,10,9,,0
phase_2,style-battery-qwen2.5-3b-2026-08-17,empirical,Qwen/Qwen2.5-3B-Instruct,aa8e72537993ba99e69dfaafa59ed015b17504d1,DGS-040,holdout,hard,history,style__reluctantly_complying_refusal_styled,non_factorial,,,measured,c74946603c2656a6bc46b1b1e4aeb67c976e91841a846972febb54668cf406cd,16.249999880790718,,0.0,,0.0,,0,false,0.9649683564899241,2.16009233052635,0.01945105987335388,,0.0,164,,length_drift_neutral_endpoint_absent,0.7633587786259542,0.0,true,true,B,10,10,,0
phase_2,style-battery-qwen2.5-3b-2026-08-17,empirical,Qwen/Qwen2.5-3B-Instruct,aa8e72537993ba99e69dfaafa59ed015b17504d1,DGS-040,holdout,hard,history,style__verbose,non_factorial,,,measured,c6ad0028aa36f041d5b6b57c0901b4a805597d1f6c69b3ab5ef5675f954285ef,18.624999523162955,,,m2_invalid_final_answer_all_ten_required,0.0,,0,false,0.8174835359341234,2.2082785229936404,0.01784774175434805,,0.029197080291970802,357,,length_drift_neutral_endpoint_absent,0.0,0.0,true,true,B,10,7,,0
